customer_id,age,annual_income,credit_score,num_existing_cards,monthly_spending,years_as_customer,total_loan_amount,monthly_transactions,num_delinquencies,utilization_rate,marital_status,employment_type,education_level,region,additional_card
HCC_00001,45,1263.0,539.0,2,27.0,1.0,49.0,4.0,0,38.1,single,employed,college,Gyeonggi,0
HCC_00002,29,4997.0,776.0,2,75.0,4.3,3972.0,7.0,0,57.6,married,self_employed,high_school,Gyeonggi,0
HCC_00003,51,3795.0,553.0,1,133.0,3.5,7412.0,3.0,0,87.3,married,retired,college,Seoul,0
HCC_00004,53,7592.0,571.0,2,303.0,9.7,17586.0,23.0,1,93.9,single,self_employed,college,Seoul,1
HCC_00005,22,7007.0,491.0,2,75.0,1.4,2839.0,4.0,3,47.0,married,employed,college,Gyeonggi,1
HCC_00006,26,7385.0,696.0,3,335.0,0.5,7953.0,31.0,0,100.2,divorced,employed,graduate,Gyeonggi,1
HCC_00007,43,5539.0,463.0,2,141.0,9.8,7431.0,13.0,0,67.1,single,self_employed,college,Gyeonggi,1
HCC_00008,38,1550.0,550.0,2,63.0,1.9,1474.0,7.0,1,85.1,married,retired,college,Others,0
HCC_00009,41,5060.0,513.0,5,33.0,6.5,7033.0,3.0,2,23.2,married,self_employed,college,Seoul,1
HCC_00010,31,1631.0,501.0,4,34.0,3.6,3920.0,4.0,0,38.7,married,retired,graduate,Seoul,1
HCC_00011,52,5258.0,439.0,1,25.0,2.6,6276.0,8.0,1,16.1,married,self_employed,graduate,Seoul,0
HCC_00012,51,6581.0,673.0,4,244.0,2.2,2044.0,14.0,0,108.5,divorced,self_employed,college,Seoul,1
HCC_00013,42,7027.0,548.0,1,55.0,15.3,11709.0,4.0,1,19.7,married,employed,graduate,Gyeonggi,0
HCC_00014,55,4607.0,449.0,3,91.0,7.0,391.0,12.0,2,25.5,single,unemployed,college,Others,0
HCC_00015,47,1009.0,610.0,1,40.0,5.4,2258.0,4.0,0,95.5,single,unemployed,graduate,Others,0
HCC_00016,31,8053.0,540.0,2,310.0,1.6,19074.0,19.0,0,97.2,divorced,self_employed,graduate,Busan,0
HCC_00017,46,1941.0,546.0,5,65.0,2.6,449.0,6.0,1,89.4,single,employed,college,Gyeonggi,0
HCC_00018,30,3398.0,601.0,1,122.0,2.0,4489.0,13.0,1,100.9,married,employed,high_school,Seoul,0
HCC_00019,52,2548.0,563.0,3,87.0,14.6,5027.0,5.0,2,97.2,single,retired,college,Gyeonggi,0
HCC_00020,41,3140.0,356.0,2,105.0,12.8,4213.0,9.0,1,78.9,married,retired,high_school,Seoul,0
HCC_00021,39,5907.0,615.0,1,119.0,4.2,6703.0,12.0,1,41.8,divorced,employed,graduate,Others,1
HCC_00022,33,5022.0,542.0,4,27.0,11.7,12259.0,4.0,1,1.7,married,employed,college,Gyeonggi,1
HCC_00023,56,4424.0,518.0,2,108.0,1.4,2615.0,12.0,1,53.2,divorced,employed,college,Seoul,1
HCC_00024,40,2696.0,518.0,4,17.0,5.0,3638.0,2.0,0,19.9,single,employed,graduate,Seoul,0
HCC_00025,36,1596.0,387.0,3,41.0,4.8,519.0,2.0,1,48.2,married,retired,high_school,Seoul,0
HCC_00026,37,4545.0,561.0,0,116.0,2.9,3406.0,15.0,1,52.0,married,employed,college,Others,0
HCC_00027,48,5685.0,448.0,1,70.0,1.6,13080.0,10.0,0,35.2,married,employed,college,Seoul,0
HCC_00028,46,6897.0,546.0,1,277.0,8.2,12393.0,8.0,0,89.9,single,employed,college,Seoul,1
HCC_00029,46,3685.0,549.0,2,134.0,7.2,5643.0,11.0,0,91.0,married,employed,high_school,Seoul,1
HCC_00030,47,2009.0,606.0,1,60.0,2.3,546.0,6.0,2,63.5,married,retired,high_school,Others,0
HCC_00031,67,659.0,441.0,1,31.0,0.9,1524.0,3.0,2,115.8,married,retired,college,Gyeonggi,0
HCC_00032,37,6849.0,685.0,3,119.0,1.7,4553.0,7.0,1,34.0,divorced,employed,college,Gyeonggi,0
HCC_00033,35,3760.0,613.0,1,61.0,8.3,4775.0,10.0,2,19.9,single,employed,college,Gyeonggi,1
HCC_00034,32,3039.0,496.0,3,38.0,5.6,1850.0,7.0,1,39.6,married,retired,high_school,Seoul,0
HCC_00035,49,4835.0,460.0,2,141.0,1.5,6748.0,9.0,1,63.0,single,retired,college,Others,0
HCC_00036,55,5030.0,435.0,1,68.0,4.5,7719.0,6.0,1,30.0,married,employed,college,Seoul,0
HCC_00037,40,3383.0,556.0,1,149.0,0.4,2866.0,4.0,1,98.8,single,self_employed,college,Seoul,0
HCC_00038,31,5458.0,496.0,1,99.0,4.9,7202.0,5.0,2,49.0,married,employed,college,Gyeonggi,1
HCC_00039,32,6372.0,660.0,2,170.0,1.9,5899.0,13.0,1,67.4,single,employed,college,Seoul,0
HCC_00040,49,4711.0,493.0,1,134.0,4.9,8589.0,11.0,1,73.7,married,employed,college,Seoul,1
HCC_00041,50,3037.0,458.0,3,55.0,4.7,4433.0,6.0,2,38.0,single,retired,graduate,Others,1
HCC_00042,48,3800.0,557.0,3,144.0,0.6,8295.0,13.0,1,90.5,married,retired,college,Gyeonggi,0
HCC_00043,34,6744.0,513.0,1,242.0,5.8,862.0,21.0,1,90.3,married,employed,college,Seoul,1
HCC_00044,44,3476.0,535.0,4,136.0,2.8,234.0,7.0,0,109.4,married,employed,high_school,Seoul,0
HCC_00045,43,1024.0,589.0,4,33.0,16.9,468.0,4.0,0,80.4,married,employed,high_school,Busan,0
HCC_00046,44,4981.0,559.0,0,126.0,4.3,1466.0,14.0,0,50.7,married,employed,high_school,Seoul,1
HCC_00047,52,4835.0,558.0,4,120.0,3.0,6316.0,13.0,1,62.2,married,employed,graduate,Seoul,0
HCC_00048,44,8148.0,598.0,1,302.0,1.3,3920.0,27.0,0,87.3,married,employed,graduate,Gyeonggi,0
HCC_00049,50,2425.0,389.0,2,52.0,3.3,110.0,3.0,3,31.5,single,retired,high_school,Gyeonggi,0
HCC_00050,42,600.0,537.0,1,15.0,1.1,428.0,6.0,0,41.5,divorced,employed,high_school,Others,1
HCC_00051,45,1996.0,533.0,3,23.0,4.3,2575.0,7.0,0,27.0,married,unemployed,college,Gyeonggi,0
HCC_00052,49,6786.0,639.0,3,240.0,6.1,11255.0,11.0,0,85.1,single,employed,college,Seoul,1
HCC_00053,24,7093.0,619.0,5,55.0,4.3,7345.0,4.0,0,15.7,married,employed,college,Gyeonggi,0
HCC_00054,38,5793.0,542.0,5,287.0,8.8,14032.0,19.0,0,127.7,single,employed,college,Busan,1
HCC_00055,36,594.0,589.0,1,6.0,0.5,287.0,4.0,0,14.9,single,retired,graduate,Seoul,1
HCC_00056,34,8693.0,564.0,2,189.0,0.7,11047.0,8.0,1,38.3,married,employed,college,Gyeonggi,1
HCC_00057,38,6528.0,585.0,1,98.0,9.2,4016.0,10.0,0,27.8,single,employed,college,Seoul,0
HCC_00058,59,872.0,484.0,1,15.0,0.1,1851.0,3.0,1,35.2,married,unemployed,college,Others,0
HCC_00059,31,4060.0,578.0,1,77.0,0.8,1863.0,4.0,0,44.9,divorced,self_employed,college,Others,1
HCC_00060,53,9436.0,564.0,4,350.0,5.4,22430.0,15.0,0,81.0,married,self_employed,graduate,Gyeonggi,1
HCC_00061,22,5400.0,686.0,2,66.0,3.4,8622.0,4.0,0,7.9,married,employed,high_school,Others,1
HCC_00062,37,4280.0,704.0,1,70.0,0.5,5224.0,7.0,0,13.6,married,employed,college,Others,0
HCC_00063,43,2647.0,596.0,5,23.0,0.3,3393.0,2.0,1,22.1,divorced,unemployed,college,Seoul,0
HCC_00064,49,1581.0,639.0,3,31.0,0.9,1331.0,6.0,0,35.8,married,self_employed,graduate,Gyeonggi,0
HCC_00065,50,3328.0,410.0,1,157.0,1.3,195.0,16.0,1,93.2,single,self_employed,college,Gyeonggi,1
HCC_00066,51,800.0,394.0,2,17.0,7.3,2059.0,3.0,2,57.2,married,employed,college,Seoul,0
HCC_00067,37,4396.0,518.0,3,175.0,4.2,8960.0,11.0,0,111.0,married,employed,graduate,Gyeonggi,1
HCC_00068,36,6883.0,572.0,2,174.0,3.3,2280.0,14.0,2,59.7,single,retired,graduate,Seoul,1
HCC_00069,52,3726.0,521.0,2,92.0,0.2,1164.0,9.0,1,61.9,married,unemployed,college,Others,1
HCC_00070,39,8217.0,451.0,2,345.0,1.9,6830.0,30.0,2,103.5,single,employed,graduate,Gyeonggi,1
HCC_00071,26,1366.0,606.0,0,7.0,4.4,2489.0,5.0,2,0.0,divorced,unemployed,college,Others,0
HCC_00072,28,4946.0,722.0,2,217.0,6.5,5366.0,12.0,0,114.2,single,employed,college,Gyeonggi,0
HCC_00073,30,9023.0,693.0,1,238.0,3.8,13069.0,20.0,0,75.7,single,employed,graduate,Seoul,1
HCC_00074,47,1593.0,603.0,1,32.0,2.3,24.0,6.0,1,66.6,single,employed,college,Others,1
HCC_00075,43,4679.0,565.0,1,214.0,9.6,10675.0,13.0,1,105.4,single,self_employed,college,Seoul,1
HCC_00076,50,12268.0,555.0,2,242.0,0.2,5061.0,11.0,0,36.0,single,employed,graduate,Seoul,1
HCC_00077,36,3896.0,545.0,2,191.0,4.2,3119.0,7.0,0,131.2,single,employed,graduate,Gyeonggi,0
HCC_00078,43,5632.0,725.0,2,265.0,3.6,11469.0,11.0,2,117.9,single,self_employed,graduate,Busan,1
HCC_00079,49,5533.0,527.0,1,91.0,3.0,10324.0,9.0,1,48.2,single,employed,college,Seoul,0
HCC_00080,38,4609.0,510.0,5,91.0,2.0,6077.0,13.0,0,40.9,married,retired,graduate,Seoul,0
HCC_00081,47,2953.0,618.0,1,122.0,2.6,6024.0,12.0,0,101.9,married,employed,high_school,Seoul,1
HCC_00082,34,5692.0,651.0,2,75.0,2.0,801.0,3.0,1,21.1,married,employed,college,Seoul,1
HCC_00083,37,8073.0,513.0,1,304.0,1.5,1585.0,27.0,0,90.3,married,self_employed,college,Seoul,1
HCC_00084,37,16152.0,641.0,3,163.0,2.2,5809.0,12.0,0,20.7,single,self_employed,graduate,Gyeonggi,1
HCC_00085,27,6999.0,530.0,2,95.0,7.3,4703.0,9.0,3,56.0,single,employed,graduate,Seoul,1
HCC_00086,47,6206.0,568.0,2,168.0,2.0,10842.0,14.0,0,70.5,single,self_employed,college,Seoul,0
HCC_00087,36,5125.0,640.0,3,197.0,3.6,6330.0,16.0,0,70.7,married,retired,college,Busan,0
HCC_00088,42,4746.0,483.0,3,181.0,1.6,5326.0,14.0,1,91.5,divorced,self_employed,college,Busan,1
HCC_00089,47,766.0,595.0,2,25.0,0.1,1445.0,2.0,0,82.0,divorced,unemployed,college,Seoul,0
HCC_00090,47,6126.0,569.0,2,102.0,1.1,4783.0,3.0,0,35.2,married,employed,college,Seoul,0
HCC_00091,49,6143.0,748.0,4,143.0,0.5,1105.0,13.0,0,44.8,married,employed,high_school,Seoul,0
HCC_00092,40,6403.0,590.0,4,99.0,1.8,6148.0,3.0,1,43.7,married,employed,college,Others,0
HCC_00093,36,7098.0,563.0,3,120.0,0.3,13459.0,8.0,1,31.0,married,employed,graduate,Seoul,1
HCC_00094,41,2161.0,568.0,3,41.0,3.8,2524.0,3.0,1,51.3,married,self_employed,college,Seoul,1
HCC_00095,22,7228.0,545.0,4,229.0,3.8,17728.0,15.0,2,65.6,married,employed,graduate,Gyeonggi,0
HCC_00096,24,8583.0,442.0,5,117.0,2.0,19958.0,10.0,1,27.4,divorced,employed,college,Seoul,1
HCC_00097,26,2415.0,505.0,1,15.0,0.1,4947.0,1.0,1,24.5,married,employed,college,Seoul,0
HCC_00098,30,3666.0,516.0,5,132.0,6.8,7279.0,8.0,2,91.3,married,employed,high_school,Seoul,1
HCC_00099,46,4531.0,418.0,3,23.0,4.9,7278.0,3.0,0,12.5,married,employed,college,Busan,1
HCC_00100,31,4319.0,537.0,2,210.0,1.8,9831.0,13.0,1,116.4,married,self_employed,college,Gyeonggi,0
HCC_00101,37,6120.0,396.0,2,124.0,10.0,10137.0,9.0,0,49.5,divorced,employed,college,Busan,1
HCC_00102,57,4956.0,522.0,1,22.0,0.1,4719.0,4.0,0,2.7,single,employed,high_school,Others,0
HCC_00103,37,6582.0,585.0,3,294.0,1.8,3133.0,12.0,2,92.0,divorced,employed,college,Seoul,1
HCC_00104,50,1682.0,525.0,2,53.0,1.6,3487.0,8.0,0,81.3,married,retired,college,Others,0
HCC_00105,30,1385.0,481.0,1,58.0,0.0,1356.0,9.0,0,115.8,single,employed,college,Busan,0
HCC_00106,39,4617.0,539.0,2,111.0,3.1,9209.0,6.0,0,63.7,married,employed,high_school,Others,1
HCC_00107,30,4235.0,480.0,1,86.0,4.4,10990.0,13.0,1,51.3,single,employed,college,Busan,1
HCC_00108,37,10096.0,602.0,2,345.0,7.3,9645.0,30.0,2,69.9,married,employed,college,Gyeonggi,0
HCC_00109,52,5616.0,561.0,2,128.0,5.7,4742.0,4.0,0,63.5,married,retired,college,Seoul,0
HCC_00110,22,10477.0,533.0,2,311.0,2.8,4516.0,23.0,2,76.1,married,employed,college,Gyeonggi,0
HCC_00111,47,1299.0,534.0,1,22.0,0.9,1563.0,4.0,1,48.2,married,retired,high_school,Seoul,0
HCC_00112,44,3271.0,554.0,1,63.0,0.4,5331.0,6.0,2,56.6,single,unemployed,graduate,Gyeonggi,1
HCC_00113,34,5758.0,544.0,1,46.0,6.6,4524.0,5.0,2,35.0,single,employed,high_school,Seoul,0
HCC_00114,24,7396.0,768.0,2,296.0,7.5,7414.0,11.0,0,84.9,married,employed,college,Seoul,1
HCC_00115,42,3461.0,523.0,4,70.0,5.6,4747.0,7.0,2,35.7,single,employed,high_school,Others,1
HCC_00116,35,8698.0,565.0,3,425.0,10.9,5913.0,17.0,0,118.7,married,employed,college,Busan,0
HCC_00117,44,5501.0,521.0,3,88.0,10.3,331.0,5.0,1,29.2,single,employed,college,Gyeonggi,0
HCC_00118,42,7857.0,501.0,1,204.0,6.8,4401.0,15.0,0,51.4,married,employed,graduate,Seoul,1
HCC_00119,61,1904.0,574.0,1,35.0,5.7,3750.0,6.0,0,56.3,married,self_employed,college,Gyeonggi,0
HCC_00120,39,7112.0,516.0,4,256.0,9.1,5078.0,8.0,3,76.3,married,employed,college,Others,0
HCC_00121,29,3637.0,491.0,2,150.0,2.9,132.0,11.0,2,98.9,single,employed,high_school,Busan,1
HCC_00122,44,5746.0,514.0,1,152.0,1.3,6280.0,7.0,1,47.2,divorced,self_employed,high_school,Gyeonggi,1
HCC_00123,44,3348.0,455.0,2,70.0,1.3,6146.0,5.0,3,50.8,married,retired,college,Gyeonggi,0
HCC_00124,58,5952.0,419.0,2,228.0,5.9,12369.0,20.0,1,103.8,married,employed,college,Seoul,0
HCC_00125,52,5386.0,517.0,1,70.0,6.1,5720.0,8.0,0,43.3,married,employed,college,Busan,1
HCC_00126,46,5544.0,625.0,0,175.0,2.0,7450.0,8.0,1,86.2,married,retired,graduate,Others,0
HCC_00127,59,5753.0,573.0,2,217.0,0.9,10525.0,20.0,0,89.7,single,self_employed,college,Gyeonggi,1
HCC_00128,27,2514.0,650.0,0,42.0,9.1,5142.0,3.0,1,51.2,married,employed,graduate,Gyeonggi,1
HCC_00129,34,6922.0,629.0,2,237.0,10.1,10374.0,18.0,0,86.5,single,employed,college,Gyeonggi,0
HCC_00130,30,4695.0,589.0,3,178.0,2.3,7856.0,19.0,0,86.6,married,employed,graduate,Gyeonggi,1
HCC_00131,37,766.0,658.0,5,7.0,1.9,173.0,3.0,0,25.7,married,unemployed,college,Others,0
HCC_00132,25,2944.0,522.0,1,56.0,2.6,3164.0,4.0,0,54.5,married,employed,college,Busan,1
HCC_00133,49,8381.0,589.0,0,191.0,0.3,18045.0,21.0,0,41.4,married,employed,graduate,Gyeonggi,1
HCC_00134,39,5259.0,552.0,2,209.0,6.1,2110.0,15.0,0,84.8,single,employed,college,Gyeonggi,1
HCC_00135,24,1080.0,634.0,1,33.0,1.1,781.0,2.0,0,71.9,divorced,employed,graduate,Gyeonggi,0
HCC_00136,29,4541.0,546.0,4,112.0,5.3,7721.0,2.0,1,47.0,married,employed,college,Seoul,1
HCC_00137,45,7265.0,521.0,3,136.0,2.3,16764.0,7.0,1,32.6,divorced,self_employed,high_school,Gyeonggi,1
HCC_00138,52,5028.0,597.0,2,22.0,5.9,714.0,2.0,0,6.3,married,self_employed,college,Others,1
HCC_00139,65,5086.0,486.0,3,26.0,1.7,11635.0,2.0,0,22.2,single,employed,college,Busan,0
HCC_00140,70,6020.0,603.0,1,91.0,2.4,3175.0,10.0,0,46.0,married,retired,graduate,Seoul,1
HCC_00141,46,5560.0,589.0,2,53.0,4.3,11593.0,6.0,0,26.1,single,retired,graduate,Busan,1
HCC_00142,30,6041.0,545.0,4,58.0,0.4,13483.0,6.0,1,24.8,married,employed,high_school,Busan,1
HCC_00143,22,600.0,551.0,1,19.0,4.3,1162.0,4.0,0,96.9,married,employed,high_school,Seoul,0
HCC_00144,45,8482.0,466.0,1,271.0,0.5,20906.0,13.0,3,71.3,single,self_employed,high_school,Gyeonggi,0
HCC_00145,32,8155.0,595.0,4,51.0,2.3,18890.0,8.0,0,17.4,divorced,self_employed,college,Gyeonggi,0
HCC_00146,37,10051.0,563.0,2,315.0,5.3,23006.0,15.0,1,69.3,single,self_employed,high_school,Others,1
HCC_00147,34,1240.0,741.0,1,13.0,3.3,1348.0,4.0,1,12.3,married,unemployed,college,Seoul,1
HCC_00148,40,1091.0,523.0,0,23.0,2.6,1292.0,7.0,0,62.4,married,employed,college,Seoul,1
HCC_00149,54,4097.0,493.0,2,203.0,2.5,1127.0,6.0,0,115.9,single,retired,graduate,Gyeonggi,0
HCC_00150,43,2646.0,416.0,2,74.0,3.1,1583.0,3.0,1,74.1,married,retired,college,Seoul,0
HCC_00151,40,7134.0,676.0,2,41.0,4.0,10462.0,7.0,0,11.3,married,employed,college,Gyeonggi,1
HCC_00152,29,6140.0,533.0,1,123.0,0.8,1981.0,5.0,2,60.5,single,employed,high_school,Others,0
HCC_00153,22,7130.0,508.0,1,249.0,6.8,17362.0,20.0,1,73.8,married,employed,graduate,Seoul,1
HCC_00154,36,3674.0,564.0,2,53.0,5.0,2062.0,7.0,2,46.3,single,employed,high_school,Gyeonggi,0
HCC_00155,41,5105.0,603.0,4,247.0,2.9,1075.0,11.0,1,125.1,married,employed,high_school,Others,1
HCC_00156,63,3644.0,587.0,2,86.0,0.3,2080.0,7.0,1,38.7,single,employed,high_school,Gyeonggi,0
HCC_00157,43,3453.0,536.0,2,18.0,1.2,427.0,4.0,0,7.3,divorced,retired,graduate,Gyeonggi,1
HCC_00158,53,6070.0,573.0,3,176.0,11.9,2474.0,11.0,2,79.8,divorced,employed,high_school,Gyeonggi,1
HCC_00159,36,8649.0,605.0,1,304.0,2.7,12148.0,29.0,0,100.7,single,employed,college,Seoul,1
HCC_00160,27,8210.0,609.0,1,206.0,8.3,5655.0,17.0,0,67.4,married,employed,college,Seoul,0
HCC_00161,30,6857.0,603.0,1,320.0,1.3,13152.0,20.0,1,108.0,married,employed,graduate,Busan,0
HCC_00162,33,600.0,594.0,1,27.0,4.1,586.0,3.0,2,98.3,married,employed,high_school,Gyeonggi,0
HCC_00163,67,1346.0,518.0,5,14.0,2.1,2464.0,4.0,0,30.6,married,unemployed,high_school,Seoul,0
HCC_00164,32,4146.0,476.0,1,32.0,2.8,7776.0,5.0,0,14.3,single,self_employed,college,Seoul,1
HCC_00165,52,2135.0,510.0,3,39.0,6.5,748.0,2.0,3,40.0,single,retired,high_school,Others,1
HCC_00166,31,3822.0,599.0,1,122.0,4.9,519.0,11.0,1,74.4,divorced,employed,college,Seoul,1
HCC_00167,53,2996.0,387.0,2,95.0,2.7,7129.0,6.0,2,84.9,married,retired,college,Busan,1
HCC_00168,46,3337.0,391.0,1,55.0,18.9,6591.0,8.0,1,57.6,married,self_employed,college,Gyeonggi,0
HCC_00169,40,1982.0,593.0,1,95.0,3.6,837.0,11.0,0,125.3,married,self_employed,high_school,Gyeonggi,1
HCC_00170,41,8557.0,707.0,1,156.0,2.2,12720.0,6.0,2,43.8,divorced,employed,college,Seoul,0
HCC_00171,34,2307.0,422.0,2,95.0,10.9,2095.0,6.0,0,89.8,single,employed,high_school,Seoul,0
HCC_00172,47,1925.0,527.0,2,81.0,3.4,278.0,6.0,1,107.7,single,unemployed,college,Gyeonggi,1
HCC_00173,36,5915.0,527.0,3,51.0,1.6,3445.0,7.0,1,37.3,divorced,employed,high_school,Busan,0
HCC_00174,27,10511.0,584.0,4,156.0,12.2,19320.0,14.0,3,45.7,divorced,employed,graduate,Seoul,0
HCC_00175,26,2620.0,551.0,2,37.0,1.3,2557.0,5.0,1,36.0,married,unemployed,college,Gyeonggi,0
HCC_00176,44,4693.0,444.0,5,217.0,1.4,6935.0,14.0,0,106.1,married,employed,high_school,Gyeonggi,1
HCC_00177,60,3015.0,442.0,1,61.0,1.4,1118.0,6.0,2,52.0,married,retired,high_school,Seoul,0
HCC_00178,43,8933.0,565.0,1,380.0,0.3,2045.0,32.0,3,113.6,married,employed,college,Gyeonggi,0
HCC_00179,40,2707.0,515.0,2,71.0,0.5,1664.0,1.0,2,65.3,single,retired,high_school,Seoul,0
HCC_00180,45,680.0,417.0,2,17.0,0.6,889.0,4.0,1,59.0,divorced,employed,high_school,Gyeonggi,1
HCC_00181,57,5641.0,620.0,2,257.0,0.3,11276.0,14.0,0,102.5,single,employed,graduate,Seoul,0
HCC_00182,44,8327.0,550.0,2,203.0,2.4,15892.0,14.0,1,84.4,married,self_employed,college,Gyeonggi,1
HCC_00183,37,2949.0,496.0,4,113.0,5.8,1231.0,6.0,1,83.1,single,employed,high_school,Seoul,0
HCC_00184,55,5253.0,575.0,1,124.0,0.6,920.0,9.0,0,46.8,single,retired,college,Gyeonggi,1
HCC_00185,47,6143.0,551.0,3,54.0,1.1,3460.0,4.0,0,22.7,married,self_employed,college,Gyeonggi,0
HCC_00186,60,8870.0,656.0,2,59.0,9.8,17298.0,3.0,0,13.9,married,self_employed,graduate,Others,1
HCC_00187,44,6234.0,488.0,2,85.0,2.1,8438.0,5.0,0,43.0,married,employed,high_school,Gyeonggi,0
HCC_00188,27,1765.0,406.0,1,66.0,0.4,3971.0,8.0,1,100.3,single,unemployed,college,Others,0
HCC_00189,25,8020.0,555.0,1,171.0,2.0,7380.0,11.0,3,39.0,divorced,employed,graduate,Seoul,1
HCC_00190,61,3196.0,537.0,1,80.0,11.9,4767.0,11.0,1,52.5,married,retired,high_school,Gyeonggi,1
HCC_00191,62,1364.0,414.0,3,12.0,3.5,2249.0,3.0,0,12.4,married,employed,high_school,Seoul,0
HCC_00192,39,2633.0,415.0,2,86.0,0.0,4571.0,7.0,1,86.2,single,retired,college,Gyeonggi,0
HCC_00193,37,10223.0,617.0,1,419.0,18.4,11372.0,9.0,0,102.6,married,employed,graduate,Busan,1
HCC_00194,59,6514.0,505.0,3,214.0,11.5,4036.0,9.0,2,75.1,married,self_employed,college,Others,1
HCC_00195,28,9168.0,475.0,2,452.0,7.1,10410.0,22.0,2,120.5,married,employed,college,Gyeonggi,1
HCC_00196,31,2106.0,598.0,4,10.0,0.0,4935.0,4.0,0,0.1,single,employed,graduate,Busan,1
HCC_00197,49,947.0,459.0,2,5.0,4.1,691.0,3.0,3,5.2,single,retired,graduate,Seoul,0
HCC_00198,37,4083.0,633.0,2,111.0,19.9,6907.0,10.0,0,52.2,married,retired,college,Seoul,1
HCC_00199,41,7665.0,579.0,2,126.0,0.2,17683.0,12.0,1,40.9,single,employed,college,Others,1
HCC_00200,40,2759.0,551.0,2,98.0,11.7,3903.0,13.0,2,86.7,married,retired,college,Seoul,0
HCC_00201,46,6501.0,548.0,2,263.0,6.2,7966.0,13.0,1,87.2,single,employed,college,Seoul,0
HCC_00202,58,9940.0,387.0,1,88.0,1.5,3394.0,10.0,0,25.5,single,employed,graduate,Others,0
HCC_00203,43,2599.0,435.0,5,120.0,7.0,5345.0,10.0,0,121.4,married,employed,high_school,Others,0
HCC_00204,49,2800.0,518.0,3,16.0,0.2,6544.0,2.0,0,3.4,married,employed,high_school,Gyeonggi,0
HCC_00205,22,8065.0,610.0,2,288.0,1.4,18824.0,22.0,0,82.4,married,employed,graduate,Gyeonggi,1
HCC_00206,41,7760.0,434.0,2,169.0,0.2,4275.0,10.0,0,57.4,married,employed,college,Others,0
HCC_00207,31,1939.0,515.0,3,67.0,1.7,4585.0,11.0,0,82.9,married,employed,high_school,Seoul,0
HCC_00208,27,4317.0,453.0,1,37.0,4.6,4306.0,5.0,1,6.8,married,self_employed,high_school,Gyeonggi,1
HCC_00209,31,1711.0,536.0,1,81.0,8.0,2678.0,11.0,0,109.2,married,unemployed,college,Gyeonggi,0
HCC_00210,37,10161.0,600.0,1,479.0,9.7,5454.0,38.0,0,108.4,divorced,self_employed,graduate,Others,1
HCC_00211,52,4109.0,601.0,1,115.0,6.5,2447.0,12.0,1,65.5,married,employed,high_school,Others,1
HCC_00212,26,3567.0,621.0,0,98.0,10.6,5206.0,7.0,0,64.7,divorced,self_employed,high_school,Busan,1
HCC_00213,42,8621.0,623.0,3,287.0,10.6,9839.0,12.0,1,95.6,married,employed,college,Seoul,1
HCC_00214,36,6446.0,633.0,1,198.0,3.4,14509.0,16.0,1,71.6,single,self_employed,graduate,Gyeonggi,1
HCC_00215,38,4770.0,520.0,3,139.0,1.5,3229.0,13.0,1,52.8,married,employed,college,Seoul,1
HCC_00216,54,2054.0,746.0,4,64.0,17.2,3802.0,6.0,0,75.7,married,employed,graduate,Others,0
HCC_00217,48,5017.0,453.0,1,218.0,0.6,6224.0,12.0,2,121.8,divorced,employed,graduate,Seoul,0
HCC_00218,58,3735.0,495.0,3,120.0,2.3,1312.0,8.0,1,75.4,married,retired,college,Seoul,0
HCC_00219,40,4679.0,619.0,2,61.0,2.8,2643.0,9.0,1,26.9,single,retired,graduate,Busan,0
HCC_00220,33,8049.0,641.0,4,371.0,3.1,14100.0,25.0,1,107.6,married,self_employed,college,Gyeonggi,0
HCC_00221,39,3783.0,577.0,2,53.0,2.4,7649.0,3.0,2,39.5,single,retired,college,Others,0
HCC_00222,44,5896.0,613.0,1,69.0,8.5,554.0,2.0,0,25.0,married,retired,college,Seoul,0
HCC_00223,44,4901.0,382.0,1,244.0,2.9,5699.0,21.0,1,104.3,married,employed,graduate,Others,0
HCC_00224,28,2253.0,650.0,4,31.0,5.8,2561.0,5.0,1,26.3,married,self_employed,graduate,Seoul,0
HCC_00225,43,3879.0,522.0,1,34.0,0.6,6098.0,5.0,1,20.4,married,employed,graduate,Seoul,0
HCC_00226,44,5050.0,650.0,3,151.0,18.3,7557.0,11.0,1,77.1,married,employed,graduate,Gyeonggi,1
HCC_00227,70,3064.0,368.0,1,129.0,1.9,7288.0,6.0,0,95.2,married,employed,college,Seoul,0
HCC_00228,64,4258.0,563.0,2,30.0,0.6,2880.0,7.0,0,13.9,married,retired,graduate,Gyeonggi,0
HCC_00229,31,13401.0,589.0,2,357.0,3.9,3633.0,11.0,1,64.4,married,self_employed,graduate,Seoul,0
HCC_00230,38,7012.0,616.0,1,51.0,1.9,3097.0,5.0,1,9.7,married,employed,high_school,Seoul,0
HCC_00231,24,5071.0,576.0,1,121.0,8.2,11630.0,11.0,0,56.3,single,employed,high_school,Busan,1
HCC_00232,34,10853.0,638.0,1,216.0,2.1,13789.0,13.0,2,52.4,married,employed,college,Seoul,1
HCC_00233,45,7156.0,487.0,3,75.0,0.4,4117.0,10.0,2,13.3,single,self_employed,graduate,Busan,0
HCC_00234,56,780.0,503.0,3,37.0,13.2,1590.0,4.0,2,116.9,married,retired,college,Busan,0
HCC_00235,33,8133.0,567.0,1,271.0,1.3,11773.0,8.0,2,69.1,married,employed,college,Seoul,0
HCC_00236,34,678.0,546.0,2,29.0,1.7,625.0,4.0,0,92.0,married,employed,high_school,Others,0
HCC_00237,22,3612.0,615.0,1,165.0,2.9,157.0,5.0,0,103.0,single,employed,college,Seoul,1
HCC_00238,40,6800.0,580.0,3,318.0,1.9,12988.0,25.0,0,125.9,married,employed,college,Gyeonggi,0
HCC_00239,29,3933.0,437.0,3,151.0,1.4,7692.0,13.0,1,75.0,married,employed,high_school,Seoul,0
HCC_00240,35,6781.0,576.0,4,124.0,0.9,4351.0,12.0,0,39.2,single,employed,graduate,Others,1
HCC_00241,31,1911.0,728.0,4,81.0,1.0,1088.0,10.0,1,101.5,single,employed,high_school,Gyeonggi,1
HCC_00242,40,7389.0,706.0,1,207.0,3.0,4389.0,20.0,1,78.9,divorced,employed,graduate,Gyeonggi,0
HCC_00243,22,2102.0,300.0,1,35.0,6.7,4228.0,4.0,1,59.4,married,unemployed,high_school,Others,0
HCC_00244,24,7492.0,580.0,4,164.0,1.0,5378.0,12.0,1,48.3,single,employed,graduate,Seoul,1
HCC_00245,67,3938.0,614.0,1,71.0,2.2,2899.0,7.0,1,48.7,single,self_employed,college,Others,0
HCC_00246,26,2054.0,506.0,1,52.0,3.5,2002.0,9.0,2,59.8,divorced,self_employed,high_school,Busan,0
HCC_00247,28,912.0,472.0,1,36.0,9.4,2374.0,4.0,3,93.7,married,unemployed,high_school,Others,0
HCC_00248,64,2673.0,505.0,3,71.0,1.5,3185.0,10.0,0,66.5,married,retired,high_school,Others,1
HCC_00249,70,6359.0,608.0,2,105.0,8.8,5721.0,10.0,0,23.8,married,employed,college,Others,1
HCC_00250,27,4723.0,455.0,5,39.0,3.8,5972.0,3.0,2,19.3,single,employed,graduate,Seoul,1
HCC_00251,37,800.0,603.0,1,35.0,4.4,1377.0,5.0,0,109.5,single,employed,college,Others,1
HCC_00252,46,7533.0,571.0,1,175.0,4.6,16363.0,8.0,1,47.2,married,self_employed,college,Others,1
HCC_00253,62,3744.0,463.0,1,91.0,9.4,9919.0,14.0,0,62.9,single,self_employed,college,Busan,0
HCC_00254,30,7223.0,662.0,3,283.0,1.9,7991.0,30.0,0,76.7,single,employed,college,Seoul,0
HCC_00255,39,3610.0,412.0,1,156.0,0.0,4611.0,9.0,1,104.6,married,employed,college,Others,0
HCC_00256,51,1061.0,466.0,4,29.0,0.1,935.0,8.0,2,79.0,divorced,unemployed,college,Seoul,0
HCC_00257,47,5883.0,513.0,2,195.0,9.9,11798.0,15.0,0,77.4,married,employed,college,Gyeonggi,0
HCC_00258,37,15382.0,825.0,3,233.0,0.2,19664.0,19.0,0,26.6,married,employed,graduate,Gyeonggi,1
HCC_00259,40,7373.0,519.0,3,347.0,2.1,6864.0,33.0,2,98.7,married,employed,college,Seoul,1
HCC_00260,25,5037.0,378.0,2,152.0,20.0,7428.0,13.0,2,76.3,married,self_employed,high_school,Busan,0
HCC_00261,39,4798.0,501.0,3,178.0,6.0,2566.0,12.0,3,98.3,married,employed,high_school,Seoul,0
HCC_00262,38,1291.0,549.0,1,12.0,4.7,2242.0,1.0,2,21.7,married,self_employed,college,Busan,0
HCC_00263,44,3098.0,594.0,3,103.0,1.8,1884.0,6.0,1,75.2,married,self_employed,college,Others,1
HCC_00264,35,1080.0,693.0,3,23.0,3.7,836.0,2.0,0,31.8,married,employed,graduate,Seoul,1
HCC_00265,47,5404.0,667.0,2,134.0,3.5,834.0,6.0,1,60.8,divorced,retired,college,Busan,0
HCC_00266,54,5125.0,566.0,1,182.0,6.8,2781.0,11.0,3,78.3,divorced,retired,college,Seoul,0
HCC_00267,43,8751.0,516.0,5,356.0,5.7,4380.0,29.0,1,91.3,single,employed,graduate,Others,1
HCC_00268,46,5838.0,688.0,4,118.0,1.3,9547.0,12.0,0,64.7,married,employed,college,Others,1
HCC_00269,42,2188.0,492.0,2,97.0,2.3,3975.0,11.0,0,88.4,single,employed,graduate,Seoul,0
HCC_00270,42,3714.0,484.0,5,53.0,0.7,5260.0,5.0,2,17.6,married,employed,high_school,Busan,0
HCC_00271,33,9981.0,566.0,2,299.0,0.5,9534.0,18.0,3,74.2,single,employed,college,Gyeonggi,0
HCC_00272,45,4328.0,443.0,1,48.0,6.8,10447.0,5.0,0,22.8,single,retired,graduate,Gyeonggi,0
HCC_00273,40,1932.0,482.0,2,34.0,3.2,4502.0,1.0,3,37.0,married,unemployed,graduate,Busan,0
HCC_00274,67,522.0,487.0,0,24.0,3.1,826.0,5.0,0,113.1,married,unemployed,graduate,Gyeonggi,1
HCC_00275,60,4923.0,608.0,2,23.0,7.9,7722.0,3.0,0,13.8,divorced,retired,college,Gyeonggi,0
HCC_00276,46,7188.0,541.0,2,332.0,6.5,14415.0,30.0,2,101.1,single,employed,graduate,Seoul,1
HCC_00277,32,1108.0,410.0,1,21.0,3.4,2226.0,2.0,3,39.6,single,employed,college,Gyeonggi,1
HCC_00278,28,3189.0,404.0,1,115.0,0.4,2002.0,11.0,1,87.0,married,employed,college,Others,0
HCC_00279,56,951.0,526.0,3,8.0,0.3,1220.0,3.0,3,21.9,single,retired,high_school,Seoul,0
HCC_00280,45,1357.0,519.0,3,46.0,1.4,528.0,6.0,2,86.2,single,unemployed,high_school,Gyeonggi,0
HCC_00281,47,6018.0,516.0,5,276.0,2.9,12508.0,11.0,2,104.2,divorced,employed,college,Seoul,0
HCC_00282,22,3181.0,494.0,1,94.0,9.6,5430.0,4.0,2,74.4,single,employed,high_school,Others,1
HCC_00283,53,8559.0,617.0,3,178.0,6.6,19827.0,15.0,0,59.4,single,self_employed,college,Gyeonggi,1
HCC_00284,47,8845.0,700.0,1,359.0,6.8,2656.0,12.0,0,97.9,married,self_employed,graduate,Gyeonggi,1
HCC_00285,28,11010.0,548.0,1,406.0,0.5,14064.0,18.0,0,87.5,married,employed,graduate,Seoul,1
HCC_00286,36,3455.0,542.0,3,33.0,0.2,6294.0,5.0,0,20.6,married,employed,high_school,Gyeonggi,0
HCC_00287,45,20358.0,780.0,2,706.0,3.8,36021.0,52.0,0,77.1,married,self_employed,graduate,Others,1
HCC_00288,42,3067.0,469.0,3,106.0,8.3,6967.0,11.0,0,73.6,married,employed,high_school,Gyeonggi,0
HCC_00289,38,3242.0,531.0,1,125.0,1.4,1662.0,3.0,0,89.6,single,employed,college,Gyeonggi,1
HCC_00290,40,3961.0,537.0,1,74.0,1.9,9829.0,5.0,1,49.3,married,employed,graduate,Busan,1
HCC_00291,38,4289.0,438.0,2,97.0,5.9,11465.0,11.0,0,45.4,married,self_employed,high_school,Gyeonggi,0
HCC_00292,43,500.0,518.0,1,24.0,12.1,1242.0,3.0,0,114.4,married,unemployed,high_school,Gyeonggi,0
HCC_00293,59,4677.0,549.0,1,142.0,0.8,7180.0,7.0,0,71.0,married,employed,high_school,Seoul,1
HCC_00294,22,800.0,552.0,1,22.0,20.0,1661.0,3.0,0,83.8,married,employed,college,Seoul,0
HCC_00295,39,9166.0,497.0,1,453.0,0.9,1816.0,26.0,1,125.8,single,self_employed,graduate,Busan,1
HCC_00296,44,1591.0,517.0,3,23.0,1.9,1043.0,5.0,2,41.8,single,employed,high_school,Others,0
HCC_00297,45,3410.0,645.0,1,76.0,4.6,725.0,13.0,1,62.7,single,employed,high_school,Others,0
HCC_00298,37,8063.0,747.0,2,314.0,2.8,8585.0,11.0,1,88.0,married,self_employed,college,Others,0
HCC_00299,22,8445.0,687.0,2,311.0,1.4,18136.0,11.0,2,102.2,single,employed,high_school,Gyeonggi,1
HCC_00300,45,982.0,416.0,2,48.0,2.8,1765.0,4.0,2,118.9,married,unemployed,college,Seoul,1
HCC_00301,62,3805.0,574.0,2,130.0,1.5,4303.0,15.0,0,81.6,single,retired,graduate,Busan,0
HCC_00302,23,4982.0,511.0,2,92.0,2.8,10183.0,6.0,0,32.2,married,employed,graduate,Others,1
HCC_00303,52,4489.0,568.0,3,101.0,8.5,6087.0,9.0,1,50.0,married,employed,graduate,Busan,0
HCC_00304,38,3713.0,475.0,1,31.0,4.4,4503.0,4.0,1,2.4,single,employed,college,Gyeonggi,1
HCC_00305,41,10206.0,465.0,3,475.0,4.2,17149.0,24.0,2,109.2,single,employed,graduate,Busan,0
HCC_00306,29,1123.0,484.0,1,11.0,1.3,1513.0,3.0,0,17.7,single,unemployed,high_school,Others,0
HCC_00307,37,2920.0,587.0,2,85.0,10.8,4545.0,7.0,3,65.9,married,unemployed,high_school,Others,0
HCC_00308,57,3597.0,559.0,2,81.0,12.8,7166.0,8.0,1,40.2,single,retired,college,Others,1
HCC_00309,48,2231.0,555.0,1,23.0,2.9,2569.0,5.0,2,31.8,married,employed,high_school,Gyeonggi,0
HCC_00310,62,3403.0,551.0,1,60.0,1.8,3528.0,1.0,1,48.2,married,retired,graduate,Seoul,1
HCC_00311,56,1922.0,552.0,1,64.0,2.1,2680.0,6.0,0,96.8,married,retired,college,Gyeonggi,0
HCC_00312,47,11644.0,659.0,0,65.0,9.9,24041.0,8.0,0,30.0,married,self_employed,graduate,Seoul,1
HCC_00313,62,1403.0,492.0,2,68.0,2.3,1552.0,9.0,0,117.9,married,employed,college,Others,1
HCC_00314,47,752.0,514.0,1,34.0,0.0,1640.0,5.0,0,118.7,divorced,unemployed,college,Gyeonggi,0
HCC_00315,51,4021.0,680.0,3,32.0,0.4,5559.0,4.0,1,21.7,single,employed,college,Gyeonggi,1
HCC_00316,38,5406.0,565.0,4,238.0,0.2,166.0,10.0,0,101.4,married,employed,high_school,Seoul,0
HCC_00317,42,4720.0,551.0,1,91.0,3.9,5615.0,6.0,0,43.5,single,retired,college,Busan,1
HCC_00318,33,8951.0,598.0,1,65.0,7.8,4530.0,8.0,0,23.8,married,employed,college,Gyeonggi,0
HCC_00319,53,9213.0,575.0,2,168.0,1.8,3394.0,10.0,1,84.6,divorced,employed,graduate,Seoul,0
HCC_00320,27,5293.0,518.0,4,218.0,3.3,3182.0,12.0,0,110.5,married,employed,college,Others,0
HCC_00321,51,3088.0,548.0,1,107.0,0.3,5509.0,7.0,0,85.6,married,retired,high_school,Gyeonggi,1
HCC_00322,39,2639.0,486.0,1,40.0,4.1,4351.0,3.0,2,41.2,single,employed,college,Gyeonggi,0
HCC_00323,56,500.0,493.0,5,19.0,11.5,702.0,3.0,0,95.9,married,retired,college,Seoul,1
HCC_00324,51,4944.0,486.0,2,181.0,6.3,6435.0,12.0,3,87.0,married,employed,high_school,Gyeonggi,0
HCC_00325,63,2986.0,539.0,1,114.0,11.0,2931.0,13.0,0,99.2,married,employed,college,Busan,0
HCC_00326,50,5337.0,600.0,4,154.0,2.1,11356.0,12.0,1,67.7,married,employed,college,Others,1
HCC_00327,23,4349.0,527.0,4,181.0,2.4,10325.0,5.0,1,89.8,married,employed,high_school,Seoul,1
HCC_00328,41,6120.0,401.0,2,205.0,4.3,13090.0,14.0,0,85.2,married,employed,college,Others,0
HCC_00329,27,5883.0,606.0,1,58.0,0.8,4049.0,8.0,1,29.8,single,employed,high_school,Busan,1
HCC_00330,35,8717.0,597.0,2,360.0,13.1,19167.0,25.0,0,97.7,married,self_employed,college,Seoul,1
HCC_00331,60,2470.0,445.0,1,47.0,5.2,5483.0,3.0,1,48.8,single,retired,high_school,Seoul,0
HCC_00332,49,5054.0,612.0,2,184.0,0.7,1489.0,23.0,2,97.0,married,self_employed,college,Seoul,1
HCC_00333,33,1514.0,403.0,1,53.0,1.8,1445.0,4.0,3,83.5,married,unemployed,high_school,Others,0
HCC_00334,29,5413.0,638.0,2,106.0,1.7,4121.0,8.0,0,42.5,single,employed,graduate,Seoul,1
HCC_00335,42,3757.0,533.0,3,43.0,9.1,6950.0,5.0,1,20.4,married,employed,high_school,Gyeonggi,0
HCC_00336,27,12045.0,439.0,5,434.0,10.0,17177.0,27.0,0,83.9,married,employed,college,Busan,1
HCC_00337,33,5955.0,574.0,3,257.0,1.6,3897.0,9.0,0,118.9,single,employed,college,Others,1
HCC_00338,45,4969.0,517.0,1,212.0,7.5,2943.0,13.0,0,100.4,single,employed,high_school,Busan,0
HCC_00339,55,3736.0,493.0,1,123.0,1.3,4468.0,3.0,1,82.6,single,employed,college,Others,1
HCC_00340,49,10868.0,550.0,2,159.0,3.7,18094.0,16.0,1,31.9,single,employed,graduate,Seoul,0
HCC_00341,22,9991.0,590.0,1,186.0,0.5,12300.0,13.0,1,40.6,married,employed,graduate,Others,0
HCC_00342,45,4080.0,502.0,0,158.0,9.3,2765.0,8.0,3,84.1,divorced,retired,college,Seoul,1
HCC_00343,42,4528.0,397.0,3,104.0,1.7,7877.0,11.0,2,56.1,single,employed,high_school,Seoul,0
HCC_00344,46,8085.0,683.0,1,305.0,8.6,18042.0,22.0,0,85.4,married,employed,college,Others,1
HCC_00345,61,4774.0,528.0,1,88.0,4.9,2146.0,8.0,0,57.0,single,retired,college,Seoul,0
HCC_00346,22,4656.0,488.0,2,21.0,1.6,6456.0,5.0,1,9.7,married,employed,high_school,Seoul,0
HCC_00347,34,7038.0,480.0,5,224.0,6.6,6980.0,19.0,1,75.9,married,employed,graduate,Gyeonggi,1
HCC_00348,49,7736.0,639.0,2,245.0,0.8,3923.0,12.0,0,74.2,married,employed,college,Seoul,0
HCC_00349,23,3726.0,433.0,1,123.0,4.4,8919.0,9.0,0,82.9,single,self_employed,college,Seoul,0
HCC_00350,59,3705.0,548.0,2,61.0,7.9,8886.0,7.0,1,54.4,married,employed,college,Gyeonggi,0
HCC_00351,46,5367.0,507.0,4,222.0,4.2,4860.0,21.0,1,88.9,divorced,employed,college,Others,0
HCC_00352,52,989.0,468.0,1,26.0,3.8,915.0,3.0,1,65.9,single,self_employed,high_school,Others,1
HCC_00353,35,11751.0,529.0,2,460.0,1.1,2741.0,26.0,1,78.3,single,self_employed,graduate,Seoul,0
HCC_00354,51,1276.0,463.0,3,41.0,4.0,2108.0,2.0,3,89.3,single,retired,high_school,Gyeonggi,0
HCC_00355,54,3209.0,533.0,3,75.0,8.4,216.0,6.0,2,55.0,married,retired,graduate,Others,0
HCC_00356,44,6705.0,586.0,1,237.0,4.3,8078.0,19.0,0,69.9,married,employed,graduate,Seoul,0
HCC_00357,44,5598.0,493.0,4,171.0,1.5,2236.0,11.0,1,60.6,married,employed,college,Seoul,1
HCC_00358,45,3481.0,528.0,1,96.0,0.2,5954.0,4.0,0,74.3,married,employed,high_school,Seoul,1
HCC_00359,31,1866.0,590.0,1,63.0,1.1,4195.0,6.0,3,64.4,divorced,unemployed,college,Gyeonggi,0
HCC_00360,40,2943.0,396.0,1,24.0,9.8,734.0,2.0,1,22.4,married,retired,college,Seoul,1
HCC_00361,40,1534.0,515.0,2,70.0,2.6,3066.0,6.0,0,105.2,single,unemployed,college,Busan,0
HCC_00362,46,4815.0,472.0,0,94.0,0.3,10622.0,10.0,2,44.9,married,employed,graduate,Others,0
HCC_00363,53,2871.0,444.0,3,42.0,3.7,1372.0,2.0,1,28.4,single,unemployed,college,Seoul,0
HCC_00364,29,500.0,526.0,3,20.0,0.9,1175.0,5.0,4,86.5,married,unemployed,graduate,Busan,0
HCC_00365,40,4300.0,499.0,0,63.0,14.8,6947.0,3.0,0,30.3,divorced,self_employed,high_school,Seoul,1
HCC_00366,59,4977.0,452.0,3,248.0,7.7,7178.0,11.0,1,125.3,married,self_employed,college,Seoul,0
HCC_00367,33,4910.0,655.0,5,115.0,14.3,7549.0,8.0,2,53.3,divorced,employed,high_school,Others,1
HCC_00368,32,2144.0,595.0,0,38.0,5.4,1489.0,2.0,1,46.7,married,self_employed,college,Gyeonggi,1
HCC_00369,44,3188.0,377.0,3,22.0,0.9,231.0,4.0,1,14.1,married,employed,high_school,Others,0
HCC_00370,52,5244.0,434.0,5,32.0,0.3,6333.0,8.0,1,20.8,married,employed,college,Gyeonggi,1
HCC_00371,42,3863.0,586.0,3,33.0,3.9,6972.0,4.0,1,24.7,single,unemployed,graduate,Seoul,1
HCC_00372,57,3482.0,512.0,2,15.0,0.3,8240.0,4.0,0,4.9,single,retired,college,Gyeonggi,1
HCC_00373,52,1048.0,631.0,4,20.0,20.0,1054.0,3.0,0,36.3,married,retired,high_school,Seoul,1
HCC_00374,52,3211.0,581.0,3,59.0,2.0,2064.0,4.0,0,53.7,single,employed,high_school,Others,1
HCC_00375,48,7715.0,601.0,1,184.0,5.8,2429.0,16.0,0,49.1,divorced,employed,college,Busan,1
HCC_00376,69,2873.0,447.0,1,43.0,2.8,7273.0,5.0,1,40.9,single,self_employed,college,Seoul,0
HCC_00377,39,1392.0,553.0,2,10.0,4.0,802.0,5.0,0,17.6,single,unemployed,high_school,Gyeonggi,1
HCC_00378,22,5477.0,453.0,1,41.0,4.2,13443.0,6.0,2,13.3,married,employed,college,Busan,0
HCC_00379,61,1871.0,623.0,1,23.0,12.3,809.0,3.0,1,33.8,single,retired,high_school,Others,1
HCC_00380,36,12239.0,656.0,1,229.0,7.3,508.0,14.0,0,58.6,divorced,employed,college,Seoul,1
HCC_00381,43,4468.0,479.0,3,49.0,0.7,2647.0,7.0,0,32.6,married,employed,college,Seoul,1
HCC_00382,57,2733.0,592.0,3,57.0,9.8,3254.0,6.0,0,51.3,single,retired,high_school,Seoul,1
HCC_00383,22,2688.0,706.0,1,125.0,0.5,2051.0,10.0,0,127.8,married,employed,high_school,Gyeonggi,1
HCC_00384,26,2813.0,511.0,1,45.0,1.0,6583.0,5.0,3,21.7,married,retired,high_school,Gyeonggi,0
HCC_00385,22,5758.0,602.0,1,68.0,2.6,7520.0,6.0,0,17.2,married,employed,high_school,Seoul,0
HCC_00386,32,4030.0,506.0,1,140.0,0.0,1228.0,13.0,2,78.7,married,employed,college,Gyeonggi,0
HCC_00387,47,7240.0,579.0,2,193.0,0.6,11056.0,13.0,1,78.2,married,employed,graduate,Gyeonggi,1
HCC_00388,48,1541.0,395.0,1,10.0,0.0,1684.0,3.0,2,25.0,married,unemployed,graduate,Seoul,1
HCC_00389,45,3035.0,530.0,5,122.0,1.9,5234.0,9.0,2,79.3,married,self_employed,college,Others,0
HCC_00390,25,9306.0,597.0,1,344.0,1.0,17603.0,14.0,1,84.4,married,self_employed,college,Gyeonggi,0
HCC_00391,22,4732.0,691.0,0,232.0,3.7,10344.0,6.0,1,104.4,divorced,self_employed,college,Gyeonggi,0
HCC_00392,42,1080.0,367.0,3,51.0,7.6,1785.0,5.0,1,112.9,married,employed,graduate,Gyeonggi,0
HCC_00393,36,8550.0,563.0,1,265.0,1.9,7758.0,17.0,1,83.4,married,self_employed,high_school,Seoul,0
HCC_00394,47,1922.0,622.0,1,68.0,3.1,1963.0,7.0,0,94.7,married,retired,college,Others,1
HCC_00395,50,4884.0,529.0,1,112.0,0.1,4999.0,8.0,0,57.7,married,employed,college,Gyeonggi,0
HCC_00396,43,8282.0,569.0,2,372.0,2.8,9187.0,15.0,2,103.5,divorced,self_employed,high_school,Gyeonggi,0
HCC_00397,51,5146.0,485.0,1,152.0,0.8,407.0,7.0,1,69.9,single,employed,college,Others,0
HCC_00398,44,6874.0,494.0,3,131.0,2.6,4441.0,5.0,0,52.6,single,employed,graduate,Others,1
HCC_00399,48,3280.0,387.0,2,15.0,3.8,9156.0,5.0,3,34.4,married,employed,graduate,Others,0
HCC_00400,33,500.0,455.0,3,16.0,20.0,1248.0,3.0,0,64.9,married,unemployed,high_school,Seoul,0
HCC_00401,39,5084.0,472.0,2,144.0,14.4,652.0,14.0,2,83.9,married,employed,college,Seoul,0
HCC_00402,44,6407.0,574.0,3,265.0,2.9,15389.0,15.0,1,101.7,single,employed,college,Busan,0
HCC_00403,51,7203.0,509.0,2,92.0,5.9,14729.0,7.0,0,38.9,married,self_employed,college,Gyeonggi,1
HCC_00404,37,4297.0,505.0,2,178.0,0.8,31.0,12.0,0,101.3,married,employed,college,Busan,1
HCC_00405,48,4787.0,512.0,2,23.0,3.4,11264.0,5.0,3,25.6,married,self_employed,high_school,Others,0
HCC_00406,38,673.0,503.0,2,21.0,3.9,1677.0,3.0,0,78.2,married,retired,graduate,Seoul,0
HCC_00407,40,8978.0,547.0,0,201.0,2.6,14146.0,16.0,3,47.2,married,employed,graduate,Seoul,0
HCC_00408,51,5904.0,474.0,2,114.0,1.8,12343.0,4.0,1,50.8,married,employed,college,Gyeonggi,1
HCC_00409,22,5739.0,564.0,1,138.0,5.0,4718.0,3.0,0,69.0,married,retired,college,Seoul,1
HCC_00410,26,5519.0,641.0,2,80.0,0.5,7322.0,12.0,1,34.8,married,employed,college,Busan,1
HCC_00411,24,3143.0,542.0,1,40.0,4.1,5785.0,7.0,1,9.8,married,employed,college,Busan,1
HCC_00412,22,2216.0,473.0,0,91.0,0.2,3301.0,9.0,1,97.4,married,retired,high_school,Gyeonggi,0
HCC_00413,33,1638.0,507.0,0,24.0,0.1,1290.0,3.0,1,36.1,single,unemployed,college,Busan,1
HCC_00414,50,5681.0,393.0,1,216.0,1.0,10378.0,14.0,1,90.8,single,self_employed,high_school,Gyeonggi,0
HCC_00415,38,7516.0,564.0,0,276.0,7.4,15577.0,16.0,0,83.2,married,employed,graduate,Busan,0
HCC_00416,44,1293.0,481.0,1,7.0,1.9,2852.0,7.0,2,26.2,married,retired,college,Seoul,1
HCC_00417,55,1622.0,442.0,2,72.0,5.3,582.0,8.0,1,82.8,married,self_employed,college,Busan,0
HCC_00418,57,7081.0,511.0,2,286.0,3.9,8131.0,25.0,1,97.9,single,self_employed,college,Busan,1
HCC_00419,41,4233.0,510.0,5,172.0,8.3,423.0,7.0,1,98.6,married,unemployed,graduate,Seoul,0
HCC_00420,58,4915.0,629.0,3,203.0,0.3,7284.0,9.0,1,120.1,single,self_employed,high_school,Gyeonggi,1
HCC_00421,43,5650.0,644.0,1,174.0,11.5,3163.0,7.0,0,73.8,married,employed,high_school,Others,0
HCC_00422,31,6024.0,486.0,2,299.0,2.6,14729.0,21.0,3,123.6,married,employed,high_school,Seoul,1
HCC_00423,34,6167.0,520.0,2,76.0,2.5,9761.0,7.0,1,30.8,married,employed,college,Busan,0
HCC_00424,24,4676.0,507.0,1,35.0,4.0,4844.0,4.0,2,18.9,married,employed,graduate,Others,0
HCC_00425,31,4491.0,610.0,2,164.0,8.4,7818.0,15.0,1,105.3,married,employed,high_school,Others,1
HCC_00426,37,11499.0,627.0,2,203.0,12.5,5595.0,18.0,1,31.3,married,employed,graduate,Gyeonggi,1
HCC_00427,51,3754.0,545.0,2,120.0,2.1,862.0,11.0,1,70.0,married,retired,college,Gyeonggi,0
HCC_00428,62,4054.0,583.0,1,90.0,2.5,862.0,6.0,0,60.8,married,retired,college,Others,1
HCC_00429,25,3258.0,485.0,3,63.0,0.8,4994.0,12.0,0,49.0,married,employed,high_school,Gyeonggi,1
HCC_00430,46,4994.0,659.0,1,225.0,3.1,10130.0,19.0,1,105.3,married,employed,college,Seoul,0
HCC_00431,29,5203.0,552.0,3,56.0,0.7,2893.0,5.0,0,25.1,single,employed,college,Seoul,0
HCC_00432,47,6177.0,493.0,5,79.0,1.3,12272.0,3.0,0,39.8,single,self_employed,college,Others,1
HCC_00433,40,6315.0,545.0,1,220.0,0.7,596.0,9.0,1,88.5,single,employed,high_school,Gyeonggi,0
HCC_00434,22,1080.0,609.0,3,43.0,2.5,909.0,3.0,0,88.4,married,employed,graduate,Seoul,0
HCC_00435,53,4140.0,507.0,3,175.0,3.6,6999.0,15.0,0,103.8,divorced,retired,graduate,Seoul,0
HCC_00436,34,5301.0,629.0,2,78.0,3.9,10258.0,9.0,1,34.8,married,employed,college,Others,0
HCC_00437,35,2071.0,471.0,1,92.0,5.4,5192.0,7.0,0,111.3,single,employed,college,Gyeonggi,1
HCC_00438,29,3392.0,473.0,3,109.0,9.8,5695.0,11.0,0,73.9,single,unemployed,graduate,Others,0
HCC_00439,34,2767.0,580.0,2,116.0,1.9,3124.0,11.0,0,88.5,married,employed,high_school,Busan,0
HCC_00440,47,7153.0,502.0,1,52.0,5.2,1126.0,5.0,1,24.2,married,self_employed,graduate,Others,0
HCC_00441,39,3543.0,601.0,2,73.0,1.7,2342.0,4.0,2,54.9,married,unemployed,college,Others,1
HCC_00442,45,5959.0,588.0,2,168.0,1.8,13334.0,15.0,0,81.8,married,retired,graduate,Seoul,1
HCC_00443,46,5202.0,482.0,1,159.0,9.5,7993.0,9.0,2,60.2,married,employed,high_school,Busan,1
HCC_00444,57,3549.0,530.0,5,31.0,2.6,3089.0,7.0,0,20.3,single,retired,college,Seoul,1
HCC_00445,37,5852.0,515.0,1,169.0,0.1,3742.0,11.0,1,67.0,married,self_employed,college,Others,1
HCC_00446,24,10498.0,633.0,2,364.0,1.6,2785.0,15.0,0,79.3,divorced,employed,college,Seoul,1
HCC_00447,54,5573.0,707.0,2,116.0,4.9,9156.0,11.0,1,34.5,married,retired,graduate,Busan,1
HCC_00448,38,4895.0,519.0,1,133.0,2.0,5172.0,16.0,1,54.5,single,employed,graduate,Others,0
HCC_00449,55,825.0,551.0,3,15.0,3.9,1930.0,5.0,1,46.3,divorced,retired,high_school,Seoul,0
HCC_00450,46,7955.0,582.0,2,351.0,0.8,8805.0,31.0,0,100.9,divorced,self_employed,college,Others,0
HCC_00451,40,5360.0,556.0,2,170.0,3.4,10914.0,9.0,2,67.9,married,employed,college,Seoul,0
HCC_00452,46,1928.0,506.0,2,57.0,15.6,650.0,6.0,0,85.3,married,employed,college,Gyeonggi,1
HCC_00453,65,3614.0,468.0,4,171.0,2.0,1453.0,14.0,1,137.3,single,retired,college,Gyeonggi,0
HCC_00454,66,3584.0,563.0,4,124.0,1.2,2423.0,2.0,1,82.5,married,retired,graduate,Gyeonggi,1
HCC_00455,42,9216.0,569.0,1,157.0,4.4,4339.0,17.0,1,25.9,married,employed,graduate,Gyeonggi,1
HCC_00456,43,4953.0,477.0,1,166.0,3.1,12801.0,6.0,2,84.4,single,employed,high_school,Others,1
HCC_00457,54,2189.0,603.0,2,106.0,18.2,4235.0,8.0,1,95.4,married,retired,college,Seoul,0
HCC_00458,31,7082.0,579.0,4,37.0,8.3,6026.0,5.0,1,0.0,divorced,employed,college,Gyeonggi,1
HCC_00459,45,4255.0,524.0,3,140.0,2.1,5645.0,13.0,0,83.1,married,employed,college,Others,0
HCC_00460,41,3810.0,645.0,1,43.0,5.6,4693.0,4.0,0,13.2,single,self_employed,high_school,Others,0
HCC_00461,45,4169.0,395.0,4,173.0,3.7,7113.0,12.0,1,96.6,single,employed,college,Seoul,0
HCC_00462,31,8327.0,685.0,1,279.0,4.5,1924.0,12.0,1,65.6,divorced,employed,college,Others,0
HCC_00463,22,3599.0,466.0,1,170.0,2.6,3351.0,14.0,1,113.9,divorced,employed,high_school,Seoul,0
HCC_00464,22,4220.0,559.0,2,147.0,1.1,900.0,13.0,1,94.8,married,unemployed,graduate,Gyeonggi,0
HCC_00465,28,3486.0,488.0,1,17.0,0.1,8407.0,3.0,1,5.6,married,unemployed,college,Gyeonggi,1
HCC_00466,36,3653.0,463.0,2,101.0,2.3,3941.0,10.0,0,66.2,married,employed,college,Others,0
HCC_00467,38,800.0,613.0,2,36.0,2.9,1381.0,4.0,0,99.8,married,employed,college,Seoul,1
HCC_00468,65,6023.0,709.0,3,89.0,0.5,12102.0,7.0,1,28.0,single,retired,graduate,Seoul,1
HCC_00469,55,1916.0,501.0,4,15.0,6.5,1540.0,2.0,0,10.5,single,retired,high_school,Others,0
HCC_00470,30,2501.0,552.0,1,93.0,1.5,548.0,10.0,0,97.1,single,employed,high_school,Seoul,0
HCC_00471,46,4028.0,545.0,2,110.0,2.9,3399.0,10.0,1,51.4,married,employed,college,Gyeonggi,1
HCC_00472,37,2455.0,663.0,3,16.0,7.2,3746.0,4.0,0,12.3,single,retired,college,Busan,1
HCC_00473,38,8743.0,418.0,1,149.0,2.5,12078.0,14.0,1,45.0,single,employed,college,Busan,0
HCC_00474,44,7965.0,610.0,3,152.0,5.0,1421.0,5.0,1,54.9,married,employed,graduate,Seoul,0
HCC_00475,49,6532.0,507.0,2,227.0,6.9,1186.0,10.0,1,87.8,single,employed,high_school,Seoul,1
HCC_00476,37,5809.0,370.0,1,150.0,3.1,11622.0,13.0,3,61.2,single,self_employed,high_school,Others,0
HCC_00477,54,4727.0,518.0,3,125.0,1.1,8927.0,11.0,2,57.8,married,employed,college,Gyeonggi,0
HCC_00478,28,3359.0,681.0,2,138.0,0.1,823.0,11.0,0,107.9,married,retired,graduate,Seoul,0
HCC_00479,42,9320.0,541.0,1,158.0,3.2,18650.0,8.0,3,32.0,married,employed,graduate,Seoul,0
HCC_00480,70,7551.0,639.0,1,264.0,5.6,6059.0,14.0,0,75.4,divorced,employed,college,Seoul,1
HCC_00481,44,2797.0,624.0,3,59.0,5.4,449.0,6.0,0,64.2,single,unemployed,college,Others,1
HCC_00482,59,2665.0,526.0,4,62.0,13.7,2267.0,6.0,1,59.4,divorced,retired,college,Seoul,0
HCC_00483,43,6829.0,578.0,1,202.0,4.9,12192.0,22.0,1,74.9,divorced,self_employed,college,Seoul,1
HCC_00484,48,6003.0,423.0,1,216.0,3.3,10841.0,21.0,0,92.3,married,self_employed,high_school,Gyeonggi,0
HCC_00485,41,4540.0,488.0,1,216.0,0.2,5736.0,14.0,1,113.2,married,employed,college,Seoul,0
HCC_00486,39,4134.0,614.0,2,68.0,5.4,2742.0,7.0,0,25.1,married,self_employed,graduate,Seoul,1
HCC_00487,32,3484.0,540.0,1,31.0,6.1,3669.0,6.0,0,23.9,married,employed,college,Others,0
HCC_00488,47,4897.0,578.0,2,117.0,2.3,4567.0,9.0,0,57.2,married,employed,college,Busan,1
HCC_00489,31,3936.0,550.0,1,115.0,0.6,3838.0,9.0,2,61.5,single,retired,college,Seoul,0
HCC_00490,49,9945.0,775.0,2,145.0,4.5,9983.0,8.0,1,24.1,divorced,self_employed,college,Gyeonggi,1
HCC_00491,55,1582.0,481.0,2,71.0,4.6,1900.0,8.0,1,107.2,married,employed,high_school,Seoul,0
HCC_00492,46,4007.0,669.0,2,163.0,2.8,929.0,11.0,0,84.1,married,employed,college,Seoul,1
HCC_00493,38,3419.0,545.0,1,92.0,1.8,2490.0,12.0,0,63.1,married,retired,graduate,Gyeonggi,0
HCC_00494,47,5615.0,692.0,2,139.0,1.5,1606.0,8.0,0,56.8,single,employed,high_school,Gyeonggi,1
HCC_00495,38,4180.0,444.0,2,25.0,0.7,6825.0,5.0,1,13.2,married,employed,college,Busan,0
HCC_00496,53,3319.0,548.0,2,96.0,3.2,3514.0,10.0,1,73.4,married,employed,high_school,Others,0
HCC_00497,22,1478.0,483.0,1,47.0,0.2,2616.0,6.0,1,82.5,married,employed,high_school,Seoul,0
HCC_00498,37,9056.0,602.0,1,408.0,0.9,1901.0,12.0,2,101.0,married,employed,graduate,Others,0
HCC_00499,22,2803.0,626.0,2,76.0,0.5,2270.0,4.0,1,73.8,single,retired,college,Gyeonggi,1
HCC_00500,24,3865.0,569.0,1,44.0,1.7,1716.0,7.0,0,25.1,married,employed,college,Seoul,0
HCC_00501,58,5579.0,653.0,2,69.0,0.7,1179.0,9.0,2,47.2,married,self_employed,college,Others,1
HCC_00502,52,3930.0,486.0,1,45.0,1.1,7988.0,2.0,0,21.6,divorced,unemployed,graduate,Seoul,0
HCC_00503,33,2988.0,464.0,1,141.0,6.7,1045.0,7.0,3,97.1,single,employed,college,Gyeonggi,0
HCC_00504,23,3905.0,540.0,2,158.0,0.2,1721.0,9.0,1,105.4,married,self_employed,college,Busan,0
HCC_00505,22,8631.0,583.0,1,362.0,2.7,7705.0,17.0,0,104.9,single,employed,college,Seoul,1
HCC_00506,35,4907.0,534.0,1,209.0,1.1,3637.0,6.0,1,114.2,married,self_employed,high_school,Others,1
HCC_00507,70,3946.0,463.0,3,34.0,7.0,9706.0,5.0,1,23.8,married,retired,college,Seoul,1
HCC_00508,47,5610.0,652.0,2,204.0,0.4,12734.0,16.0,1,110.7,married,self_employed,high_school,Others,0
HCC_00509,35,6223.0,533.0,4,227.0,5.2,6661.0,11.0,2,85.7,divorced,self_employed,college,Seoul,1
HCC_00510,47,5324.0,667.0,1,77.0,3.9,2427.0,4.0,0,45.2,single,self_employed,college,Seoul,0
HCC_00511,23,7579.0,577.0,3,202.0,1.7,9234.0,22.0,2,58.7,married,employed,college,Gyeonggi,0
HCC_00512,38,13050.0,682.0,3,451.0,10.4,14464.0,26.0,0,87.9,single,self_employed,graduate,Others,0
HCC_00513,43,9442.0,639.0,1,428.0,5.8,10218.0,33.0,0,115.6,single,self_employed,college,Seoul,1
HCC_00514,40,1902.0,453.0,2,18.0,8.1,104.0,1.0,0,31.0,married,employed,high_school,Others,0
HCC_00515,51,4819.0,578.0,2,217.0,4.8,1512.0,22.0,2,115.8,single,retired,college,Seoul,0
HCC_00516,46,6217.0,716.0,2,289.0,8.1,1901.0,25.0,0,79.2,married,employed,graduate,Gyeonggi,0
HCC_00517,50,2709.0,547.0,1,126.0,5.7,2388.0,6.0,1,110.9,married,employed,high_school,Gyeonggi,1
HCC_00518,33,1777.0,590.0,4,8.0,11.5,2498.0,5.0,1,5.1,married,unemployed,college,Seoul,1
HCC_00519,52,10230.0,658.0,3,146.0,2.4,20511.0,11.0,1,30.5,married,employed,graduate,Others,1
HCC_00520,61,2826.0,553.0,5,101.0,5.1,1574.0,7.0,0,82.9,married,retired,high_school,Gyeonggi,0
HCC_00521,30,4862.0,564.0,3,92.0,10.5,9269.0,9.0,0,55.2,married,employed,college,Busan,0
HCC_00522,31,3588.0,580.0,3,25.0,6.2,1980.0,2.0,0,18.7,single,unemployed,graduate,Gyeonggi,1
HCC_00523,58,4387.0,605.0,3,172.0,6.2,342.0,13.0,0,89.0,single,employed,high_school,Gyeonggi,0
HCC_00524,39,4678.0,439.0,2,26.0,0.2,8275.0,4.0,1,0.0,married,self_employed,college,Gyeonggi,1
HCC_00525,58,2051.0,540.0,4,50.0,8.3,1109.0,2.0,1,73.8,divorced,retired,college,Others,1
HCC_00526,36,7504.0,560.0,2,357.0,1.8,17115.0,10.0,0,107.7,single,self_employed,college,Busan,0
HCC_00527,59,3931.0,508.0,1,96.0,6.6,9481.0,9.0,2,57.3,married,retired,graduate,Gyeonggi,0
HCC_00528,43,1778.0,621.0,2,82.0,7.7,440.0,11.0,2,132.1,married,self_employed,high_school,Busan,0
HCC_00529,45,7618.0,518.0,1,175.0,0.5,3803.0,7.0,0,48.9,married,employed,college,Gyeonggi,1
HCC_00530,60,3192.0,420.0,4,64.0,11.4,1854.0,5.0,1,45.4,married,retired,graduate,Gyeonggi,0
HCC_00531,37,7110.0,635.0,2,65.0,1.5,15099.0,7.0,0,24.3,married,employed,high_school,Gyeonggi,1
HCC_00532,30,2690.0,413.0,2,55.0,3.8,582.0,5.0,2,33.0,married,employed,graduate,Gyeonggi,0
HCC_00533,36,3786.0,384.0,1,74.0,1.5,8054.0,9.0,1,29.7,married,employed,high_school,Others,1
HCC_00534,47,4313.0,616.0,2,185.0,0.0,2938.0,19.0,1,98.1,single,self_employed,college,Others,1
HCC_00535,23,2296.0,536.0,1,106.0,2.4,3381.0,6.0,2,106.3,divorced,employed,high_school,Others,1
HCC_00536,49,4283.0,581.0,2,22.0,0.2,1851.0,3.0,1,13.7,single,employed,college,Others,0
HCC_00537,35,13401.0,599.0,2,116.0,2.0,25962.0,12.0,1,11.0,married,employed,graduate,Gyeonggi,0
HCC_00538,55,9095.0,480.0,2,306.0,1.5,16106.0,16.0,2,85.1,single,self_employed,graduate,Busan,0
HCC_00539,22,4753.0,453.0,1,125.0,6.7,271.0,12.0,3,41.6,single,employed,graduate,Seoul,1
HCC_00540,32,500.0,483.0,2,9.0,3.3,312.0,2.0,1,42.5,single,unemployed,college,Gyeonggi,0
HCC_00541,22,1615.0,414.0,2,26.0,0.8,2088.0,4.0,0,42.2,married,employed,graduate,Seoul,1
HCC_00542,32,4159.0,566.0,3,60.0,1.3,5452.0,3.0,1,37.9,married,employed,college,Seoul,0
HCC_00543,44,5286.0,516.0,4,149.0,4.7,11230.0,6.0,2,66.0,single,employed,graduate,Others,1
HCC_00544,39,4940.0,564.0,3,25.0,0.6,4725.0,4.0,1,5.5,married,employed,college,Others,0
HCC_00545,38,1242.0,525.0,1,47.0,1.1,2935.0,3.0,1,88.9,married,self_employed,graduate,Gyeonggi,1
HCC_00546,40,3953.0,570.0,0,71.0,0.1,1885.0,8.0,0,55.4,married,employed,high_school,Seoul,1
HCC_00547,44,8069.0,621.0,4,191.0,3.3,16319.0,7.0,1,50.8,divorced,employed,college,Busan,0
HCC_00548,29,3345.0,506.0,5,95.0,4.3,7828.0,9.0,2,77.9,married,unemployed,college,Gyeonggi,0
HCC_00549,50,600.0,521.0,1,8.0,0.3,962.0,2.0,2,43.4,single,employed,high_school,Others,1
HCC_00550,49,2622.0,545.0,2,117.0,2.3,6367.0,7.0,0,89.7,single,employed,high_school,Others,0
HCC_00551,46,5223.0,358.0,2,185.0,20.0,6185.0,7.0,0,83.7,divorced,self_employed,graduate,Seoul,1
HCC_00552,48,6744.0,619.0,1,297.0,0.7,11139.0,23.0,0,95.9,single,self_employed,college,Seoul,0
HCC_00553,45,2114.0,533.0,5,55.0,14.6,54.0,2.0,1,47.4,married,self_employed,high_school,Seoul,1
HCC_00554,66,5338.0,599.0,4,128.0,5.0,3522.0,7.0,1,65.5,divorced,retired,college,Seoul,1
HCC_00555,40,5609.0,453.0,5,84.0,0.7,8558.0,12.0,0,40.7,divorced,employed,college,Gyeonggi,0
HCC_00556,38,5192.0,527.0,1,151.0,1.9,11579.0,18.0,2,72.4,married,employed,college,Seoul,0
HCC_00557,32,12800.0,541.0,2,401.0,6.8,30713.0,30.0,1,64.3,married,employed,graduate,Seoul,1
HCC_00558,29,7371.0,633.0,4,173.0,0.9,9969.0,16.0,1,58.4,married,employed,graduate,Seoul,0
HCC_00559,27,3575.0,423.0,2,39.0,0.9,8427.0,3.0,1,13.1,married,retired,college,Seoul,0
HCC_00560,31,4166.0,467.0,2,70.0,1.7,8877.0,7.0,2,41.1,single,self_employed,college,Busan,0
HCC_00561,41,2074.0,563.0,2,10.0,1.4,3970.0,2.0,1,5.0,single,employed,college,Seoul,1
HCC_00562,46,5365.0,503.0,0,101.0,1.4,1551.0,8.0,0,55.7,married,employed,graduate,Others,1
HCC_00563,42,9459.0,520.0,2,291.0,12.1,11590.0,27.0,1,70.2,single,self_employed,high_school,Seoul,0
HCC_00564,32,5312.0,626.0,3,255.0,6.7,6065.0,19.0,0,117.5,married,employed,high_school,Seoul,1
HCC_00565,52,8352.0,659.0,0,103.0,1.2,15008.0,11.0,0,31.9,married,employed,graduate,Seoul,1
HCC_00566,50,4130.0,599.0,1,28.0,4.7,5814.0,2.0,2,15.5,divorced,employed,graduate,Busan,0
HCC_00567,40,8945.0,657.0,2,159.0,5.2,16765.0,11.0,1,43.7,married,self_employed,college,Seoul,0
HCC_00568,34,2422.0,506.0,2,27.0,1.5,5995.0,4.0,0,29.8,married,self_employed,college,Gyeonggi,0
HCC_00569,48,1582.0,499.0,1,57.0,20.0,2283.0,7.0,2,77.5,married,employed,college,Seoul,1
HCC_00570,44,4103.0,489.0,0,18.0,1.9,8517.0,6.0,0,14.6,single,employed,college,Others,0
HCC_00571,24,10386.0,617.0,3,510.0,1.8,13775.0,44.0,0,126.5,married,employed,college,Seoul,0
HCC_00572,41,7684.0,535.0,1,333.0,2.6,12164.0,17.0,0,108.0,single,employed,high_school,Gyeonggi,1
HCC_00573,45,5028.0,516.0,2,134.0,5.3,6146.0,10.0,0,60.4,married,self_employed,college,Others,1
HCC_00574,31,3815.0,586.0,2,177.0,20.0,8889.0,13.0,0,113.1,married,employed,college,Seoul,0
HCC_00575,44,1609.0,611.0,2,53.0,3.3,3128.0,6.0,1,75.4,divorced,self_employed,college,Seoul,0
HCC_00576,24,1495.0,547.0,2,74.0,1.4,2817.0,12.0,0,117.6,married,unemployed,high_school,Others,0
HCC_00577,58,9168.0,735.0,2,155.0,1.4,6436.0,10.0,0,28.7,divorced,self_employed,graduate,Seoul,0
HCC_00578,56,7474.0,518.0,2,373.0,2.8,9302.0,20.0,0,133.6,single,employed,college,Seoul,1
HCC_00579,38,12073.0,474.0,2,150.0,0.6,27628.0,15.0,0,49.2,divorced,self_employed,graduate,Gyeonggi,0
HCC_00580,46,3755.0,595.0,2,76.0,1.9,8474.0,6.0,1,41.5,married,employed,high_school,Seoul,1
HCC_00581,22,6890.0,507.0,2,324.0,2.8,17774.0,20.0,0,120.7,married,employed,college,Others,1
HCC_00582,28,5060.0,529.0,2,107.0,15.8,9447.0,7.0,1,65.3,married,employed,graduate,Busan,0
HCC_00583,38,3763.0,396.0,2,52.0,20.0,7722.0,5.0,1,23.6,married,retired,college,Gyeonggi,1
HCC_00584,29,3174.0,460.0,2,22.0,9.0,799.0,5.0,0,0.0,single,employed,high_school,Seoul,1
HCC_00585,50,3657.0,416.0,1,40.0,4.2,7608.0,5.0,2,41.4,single,retired,college,Busan,0
HCC_00586,65,3545.0,501.0,3,72.0,8.4,3193.0,8.0,1,48.6,single,retired,college,Busan,0
HCC_00587,27,5672.0,525.0,1,133.0,0.3,12506.0,7.0,1,51.1,married,employed,college,Seoul,1
HCC_00588,31,7486.0,582.0,4,217.0,0.7,205.0,21.0,0,70.0,divorced,employed,college,Others,1
HCC_00589,44,1810.0,617.0,2,75.0,0.6,4001.0,8.0,0,95.8,married,self_employed,college,Gyeonggi,0
HCC_00590,61,2838.0,583.0,0,14.0,2.8,3342.0,1.0,1,41.4,married,employed,college,Others,0
HCC_00591,27,3619.0,406.0,2,155.0,2.2,1291.0,6.0,3,97.5,married,employed,high_school,Seoul,0
HCC_00592,44,1892.0,568.0,1,58.0,1.9,2802.0,4.0,1,76.8,married,employed,college,Seoul,1
HCC_00593,63,2466.0,534.0,4,96.0,1.0,4321.0,9.0,1,106.4,single,retired,college,Busan,1
HCC_00594,22,3423.0,526.0,4,133.0,3.8,6801.0,14.0,1,106.1,married,employed,high_school,Others,0
HCC_00595,26,6581.0,564.0,3,300.0,0.5,11418.0,9.0,2,120.4,single,employed,high_school,Gyeonggi,0
HCC_00596,36,4392.0,560.0,2,37.0,0.1,6027.0,3.0,0,16.0,married,employed,high_school,Seoul,0
HCC_00597,35,3330.0,478.0,4,101.0,1.5,721.0,13.0,1,71.3,married,retired,high_school,Others,0
HCC_00598,51,6254.0,548.0,2,287.0,1.1,13513.0,25.0,1,88.4,married,employed,college,Seoul,1
HCC_00599,44,3121.0,626.0,3,116.0,1.8,7206.0,10.0,1,88.5,married,employed,high_school,Seoul,1
HCC_00600,22,5834.0,502.0,1,50.0,1.1,11783.0,7.0,1,20.9,single,employed,college,Gyeonggi,1
HCC_00601,48,9887.0,516.0,4,319.0,1.9,882.0,21.0,1,84.9,divorced,employed,graduate,Seoul,1
HCC_00602,35,13171.0,627.0,2,538.0,10.3,23350.0,42.0,1,116.0,married,self_employed,graduate,Seoul,1
HCC_00603,57,3877.0,448.0,1,65.0,0.6,2827.0,7.0,1,47.4,married,employed,high_school,Seoul,1
HCC_00604,34,1381.0,376.0,5,46.0,1.0,3784.0,3.0,0,90.6,married,employed,college,Others,0
HCC_00605,34,1386.0,486.0,2,59.0,2.1,231.0,6.0,2,102.0,married,self_employed,college,Seoul,0
HCC_00606,48,6323.0,679.0,4,178.0,20.0,1308.0,12.0,0,80.4,divorced,employed,graduate,Busan,0
HCC_00607,51,594.0,503.0,0,8.0,0.0,279.0,1.0,0,32.4,married,retired,graduate,Others,0
HCC_00608,47,4120.0,555.0,2,121.0,1.7,7726.0,9.0,0,81.9,married,retired,high_school,Busan,0
HCC_00609,22,5244.0,382.0,3,163.0,6.3,9688.0,14.0,1,82.6,married,employed,high_school,Gyeonggi,1
HCC_00610,48,3911.0,574.0,0,89.0,3.7,6974.0,9.0,0,58.5,married,employed,college,Gyeonggi,1
HCC_00611,29,3680.0,544.0,3,130.0,2.5,3271.0,8.0,1,69.4,divorced,employed,graduate,Gyeonggi,0
HCC_00612,44,10895.0,556.0,2,262.0,0.6,23842.0,25.0,1,68.6,married,employed,graduate,Gyeonggi,1
HCC_00613,24,2037.0,535.0,1,90.0,0.3,2300.0,10.0,0,109.8,married,employed,high_school,Others,1
HCC_00614,47,2954.0,543.0,2,119.0,9.6,996.0,6.0,0,103.7,single,employed,college,Others,0
HCC_00615,32,2689.0,442.0,1,110.0,5.0,5605.0,4.0,2,101.3,single,employed,high_school,Gyeonggi,1
HCC_00616,26,5785.0,584.0,3,164.0,0.7,7450.0,11.0,1,72.9,married,employed,college,Seoul,1
HCC_00617,50,9520.0,691.0,3,125.0,1.8,12530.0,8.0,1,44.5,married,employed,graduate,Others,0
HCC_00618,44,4665.0,528.0,2,174.0,6.9,4571.0,12.0,0,84.8,married,retired,college,Seoul,0
HCC_00619,34,3346.0,464.0,2,25.0,4.0,6354.0,6.0,2,22.6,single,retired,high_school,Others,1
HCC_00620,59,5502.0,541.0,2,153.0,5.3,493.0,12.0,2,59.0,married,employed,college,Seoul,1
HCC_00621,36,9259.0,661.0,1,61.0,3.7,10360.0,9.0,0,21.6,married,self_employed,college,Busan,0
HCC_00622,42,5160.0,453.0,3,146.0,2.8,5938.0,13.0,1,70.4,divorced,employed,graduate,Others,0
HCC_00623,45,1090.0,557.0,1,39.0,0.3,2023.0,5.0,0,79.6,single,self_employed,college,Gyeonggi,1
HCC_00624,34,5160.0,497.0,2,121.0,0.3,3575.0,6.0,1,57.2,married,employed,graduate,Seoul,1
HCC_00625,47,1220.0,532.0,1,28.0,10.7,723.0,3.0,2,49.4,married,unemployed,college,Others,0
HCC_00626,35,2940.0,484.0,2,29.0,6.3,2475.0,5.0,1,19.9,married,employed,high_school,Gyeonggi,1
HCC_00627,37,3102.0,486.0,3,56.0,0.3,3917.0,9.0,0,46.9,married,employed,college,Seoul,0
HCC_00628,58,1793.0,640.0,1,44.0,4.8,873.0,6.0,0,61.6,married,retired,high_school,Gyeonggi,1
HCC_00629,29,7050.0,458.0,1,308.0,1.9,12947.0,21.0,2,85.6,married,employed,college,Gyeonggi,1
HCC_00630,22,9788.0,637.0,1,444.0,0.7,7550.0,26.0,1,112.6,married,employed,college,Busan,1
HCC_00631,61,500.0,644.0,1,24.0,1.3,487.0,6.0,0,112.2,married,retired,high_school,Seoul,0
HCC_00632,70,941.0,564.0,2,8.0,9.2,1297.0,4.0,3,16.3,married,retired,high_school,Gyeonggi,0
HCC_00633,37,3037.0,424.0,3,54.0,4.5,3150.0,5.0,0,31.4,married,self_employed,high_school,Others,1
HCC_00634,22,6395.0,461.0,2,162.0,0.0,12009.0,16.0,0,60.3,married,self_employed,high_school,Seoul,0
HCC_00635,38,7743.0,517.0,1,260.0,5.1,13038.0,18.0,0,75.4,married,self_employed,graduate,Gyeonggi,0
HCC_00636,38,4981.0,562.0,2,181.0,0.0,9334.0,12.0,2,99.9,married,employed,graduate,Busan,0
HCC_00637,39,6289.0,581.0,3,253.0,8.9,8019.0,18.0,1,79.1,married,self_employed,high_school,Others,1
HCC_00638,28,12251.0,521.0,1,329.0,3.9,11514.0,19.0,2,54.8,single,self_employed,graduate,Gyeonggi,1
HCC_00639,48,1909.0,449.0,1,57.0,4.1,1037.0,3.0,2,61.3,married,unemployed,college,Others,0
HCC_00640,48,4670.0,482.0,3,225.0,0.1,5378.0,8.0,1,118.2,single,employed,graduate,Seoul,0
HCC_00641,24,6176.0,547.0,0,94.0,0.3,13512.0,4.0,0,48.3,married,employed,college,Gyeonggi,1
HCC_00642,50,2704.0,686.0,3,111.0,2.9,729.0,5.0,1,103.6,single,retired,college,Others,1
HCC_00643,66,5632.0,482.0,3,207.0,1.4,3198.0,10.0,1,77.3,married,self_employed,college,Others,0
HCC_00644,44,5696.0,479.0,4,60.0,2.8,10011.0,4.0,1,21.0,single,employed,graduate,Gyeonggi,0
HCC_00645,37,2734.0,437.0,1,127.0,2.3,4285.0,5.0,0,103.4,married,unemployed,college,Gyeonggi,1
HCC_00646,40,6125.0,612.0,1,266.0,7.2,13333.0,10.0,0,109.3,divorced,employed,college,Gyeonggi,1
HCC_00647,49,6067.0,557.0,3,242.0,0.6,438.0,10.0,1,91.2,married,employed,high_school,Seoul,0
HCC_00648,22,8841.0,517.0,2,88.0,1.8,19930.0,5.0,0,9.8,married,employed,college,Others,1
HCC_00649,43,8974.0,561.0,1,95.0,1.6,16133.0,10.0,4,31.3,divorced,employed,graduate,Others,0
HCC_00650,37,4869.0,485.0,2,173.0,8.3,9931.0,4.0,0,97.9,married,self_employed,college,Gyeonggi,1
HCC_00651,64,4455.0,568.0,1,40.0,3.8,4157.0,4.0,2,19.8,single,retired,college,Seoul,0
HCC_00652,39,6664.0,781.0,2,62.0,1.0,4174.0,5.0,0,23.5,married,employed,college,Seoul,0
HCC_00653,62,6605.0,610.0,4,149.0,1.9,226.0,9.0,2,39.1,single,retired,college,Seoul,0
HCC_00654,28,6275.0,555.0,2,28.0,1.1,12303.0,3.0,1,0.0,married,employed,college,Busan,0
HCC_00655,49,9780.0,545.0,2,364.0,2.2,3966.0,21.0,0,70.8,married,employed,graduate,Gyeonggi,1
HCC_00656,45,8405.0,477.0,5,243.0,2.7,5029.0,12.0,0,68.9,married,employed,graduate,Seoul,0
HCC_00657,31,5252.0,611.0,2,41.0,4.7,3454.0,4.0,0,15.7,married,employed,college,Gyeonggi,0
HCC_00658,44,4853.0,603.0,1,141.0,2.8,10104.0,9.0,1,75.2,married,employed,college,Others,1
HCC_00659,56,6236.0,525.0,2,41.0,9.8,4578.0,5.0,0,13.8,married,employed,college,Seoul,1
HCC_00660,38,5102.0,648.0,1,38.0,3.5,5004.0,5.0,0,27.8,married,employed,high_school,Gyeonggi,1
HCC_00661,22,8386.0,586.0,1,222.0,0.9,15217.0,16.0,1,72.3,married,employed,college,Gyeonggi,0
HCC_00662,41,4704.0,609.0,2,127.0,4.4,9998.0,8.0,1,61.6,divorced,employed,high_school,Seoul,1
HCC_00663,31,4343.0,567.0,1,86.0,3.5,8473.0,9.0,1,37.5,single,employed,college,Gyeonggi,1
HCC_00664,37,3512.0,521.0,0,115.0,0.5,4810.0,8.0,0,59.4,single,employed,high_school,Gyeonggi,0
HCC_00665,41,2193.0,446.0,2,48.0,0.2,13.0,8.0,1,66.9,married,employed,college,Seoul,0
HCC_00666,22,14986.0,638.0,1,466.0,0.9,5497.0,11.0,0,65.2,divorced,self_employed,graduate,Seoul,1
HCC_00667,22,3110.0,598.0,2,63.0,1.9,1896.0,8.0,1,33.7,single,employed,high_school,Others,0
HCC_00668,47,9106.0,550.0,1,336.0,0.4,9419.0,14.0,0,89.9,single,self_employed,college,Seoul,0
HCC_00669,35,9612.0,631.0,2,295.0,0.3,8139.0,16.0,3,58.8,single,self_employed,graduate,Busan,0
HCC_00670,22,6259.0,476.0,4,72.0,3.1,8526.0,7.0,1,28.9,married,employed,college,Gyeonggi,1
HCC_00671,51,3905.0,601.0,1,139.0,0.4,3858.0,9.0,1,82.1,single,employed,high_school,Others,1
HCC_00672,45,3531.0,560.0,3,142.0,12.2,6358.0,16.0,2,105.8,married,employed,college,Busan,1
HCC_00673,33,3079.0,435.0,1,22.0,3.1,439.0,1.0,4,25.5,divorced,employed,college,Others,0
HCC_00674,26,9821.0,580.0,1,315.0,0.7,23837.0,14.0,1,88.0,single,employed,college,Gyeonggi,1
HCC_00675,52,4339.0,618.0,1,175.0,15.5,8648.0,4.0,1,98.9,married,employed,high_school,Gyeonggi,1
HCC_00676,46,9560.0,495.0,1,90.0,3.4,8358.0,11.0,2,14.0,married,self_employed,college,Gyeonggi,0
HCC_00677,70,4929.0,464.0,1,224.0,9.0,5226.0,13.0,0,98.7,married,retired,college,Gyeonggi,0
HCC_00678,47,5144.0,546.0,3,119.0,2.8,12433.0,10.0,1,50.2,married,self_employed,college,Gyeonggi,0
HCC_00679,46,7543.0,746.0,3,287.0,2.4,14880.0,15.0,1,111.3,married,self_employed,college,Seoul,0
HCC_00680,39,4209.0,488.0,5,191.0,11.6,4342.0,14.0,1,106.4,single,employed,high_school,Gyeonggi,1
HCC_00681,51,1434.0,554.0,4,71.0,5.1,213.0,6.0,2,120.4,married,retired,college,Gyeonggi,1
HCC_00682,49,3739.0,558.0,2,116.0,3.5,9176.0,3.0,1,89.6,married,retired,graduate,Seoul,0
HCC_00683,57,6969.0,523.0,1,254.0,2.2,11636.0,13.0,1,90.0,single,employed,college,Seoul,0
HCC_00684,35,4252.0,555.0,0,67.0,3.2,7337.0,4.0,2,30.3,married,employed,college,Others,1
HCC_00685,36,4688.0,511.0,2,82.0,4.6,3319.0,5.0,1,49.3,divorced,employed,college,Gyeonggi,1
HCC_00686,36,5067.0,522.0,3,219.0,4.3,10603.0,16.0,0,99.4,single,employed,college,Others,0
HCC_00687,51,16734.0,534.0,1,375.0,2.5,23621.0,14.0,0,56.7,single,self_employed,graduate,Gyeonggi,1
HCC_00688,59,915.0,507.0,1,38.0,1.2,1113.0,1.0,1,104.8,married,employed,college,Others,0
HCC_00689,36,5066.0,623.0,2,33.0,0.9,8839.0,10.0,0,10.7,married,employed,high_school,Others,1
HCC_00690,36,7555.0,580.0,4,107.0,1.4,6856.0,9.0,1,35.9,single,self_employed,graduate,Seoul,0
HCC_00691,45,3898.0,626.0,2,47.0,1.1,3930.0,3.0,1,44.9,married,employed,college,Others,1
HCC_00692,39,4805.0,594.0,3,136.0,0.0,7560.0,10.0,0,61.7,single,employed,college,Seoul,1
HCC_00693,53,5376.0,549.0,2,42.0,3.5,8603.0,3.0,2,31.9,married,employed,high_school,Gyeonggi,0
HCC_00694,22,6306.0,513.0,1,126.0,5.3,15764.0,13.0,1,42.0,married,self_employed,high_school,Others,1
HCC_00695,32,6860.0,530.0,2,339.0,9.6,9807.0,18.0,3,136.6,married,self_employed,college,Seoul,1
HCC_00696,32,6174.0,444.0,3,250.0,16.5,5375.0,19.0,0,88.6,single,employed,high_school,Gyeonggi,1
HCC_00697,22,6504.0,544.0,3,254.0,6.2,4696.0,14.0,1,89.8,married,employed,high_school,Gyeonggi,1
HCC_00698,30,10180.0,613.0,2,105.0,2.4,12906.0,8.0,1,39.8,single,employed,graduate,Seoul,1
HCC_00699,31,4755.0,685.0,1,99.0,1.6,1268.0,12.0,1,65.5,married,self_employed,college,Seoul,1
HCC_00700,39,5052.0,593.0,1,179.0,4.4,7172.0,8.0,2,93.2,married,employed,high_school,Seoul,0
HCC_00701,55,5061.0,481.0,0,26.0,7.8,5210.0,5.0,2,1.5,married,employed,high_school,Seoul,0
HCC_00702,39,3980.0,425.0,1,96.0,2.4,3853.0,4.0,0,58.7,single,self_employed,college,Gyeonggi,0
HCC_00703,29,552.0,489.0,1,26.0,1.6,279.0,4.0,1,113.1,single,unemployed,college,Gyeonggi,0
HCC_00704,41,1242.0,577.0,2,10.0,7.0,1505.0,1.0,1,10.8,married,self_employed,graduate,Gyeonggi,0
HCC_00705,54,4894.0,531.0,3,224.0,0.1,467.0,14.0,0,116.8,single,self_employed,high_school,Busan,0
HCC_00706,30,5386.0,597.0,3,70.0,6.7,7868.0,10.0,2,23.4,single,self_employed,high_school,Seoul,0
HCC_00707,31,2546.0,511.0,3,33.0,0.7,1874.0,6.0,2,18.2,married,employed,college,Seoul,0
HCC_00708,48,9332.0,651.0,5,122.0,0.5,19409.0,11.0,1,15.2,married,self_employed,college,Others,1
HCC_00709,39,2058.0,393.0,5,96.0,3.6,3048.0,7.0,3,129.1,single,unemployed,college,Others,1
HCC_00710,49,11979.0,748.0,1,381.0,8.6,19674.0,26.0,0,71.2,divorced,employed,graduate,Gyeonggi,0
HCC_00711,41,6426.0,475.0,1,248.0,2.4,14495.0,15.0,1,87.7,married,employed,college,Seoul,0
HCC_00712,50,2834.0,592.0,1,59.0,3.7,6018.0,2.0,1,39.7,married,employed,college,Others,1
HCC_00713,29,8972.0,568.0,4,396.0,11.2,19247.0,30.0,2,119.6,married,employed,graduate,Others,1
HCC_00714,41,5381.0,545.0,1,166.0,0.9,3045.0,17.0,1,60.2,married,employed,high_school,Gyeonggi,1
HCC_00715,39,5577.0,536.0,1,177.0,3.3,4276.0,14.0,0,64.1,married,employed,graduate,Seoul,1
HCC_00716,27,1895.0,539.0,2,73.0,6.0,3383.0,8.0,1,89.2,married,employed,college,Seoul,0
HCC_00717,23,5751.0,594.0,2,228.0,5.6,7458.0,13.0,0,94.9,divorced,employed,college,Gyeonggi,1
HCC_00718,50,4047.0,625.0,2,143.0,4.1,5795.0,14.0,0,91.4,single,employed,graduate,Others,0
HCC_00719,37,9548.0,708.0,3,92.0,0.9,14133.0,3.0,3,16.4,married,self_employed,college,Busan,0
HCC_00720,29,4482.0,571.0,2,197.0,1.7,1259.0,19.0,0,120.9,single,employed,college,Seoul,1
HCC_00721,40,9812.0,735.0,3,158.0,0.3,3518.0,12.0,0,32.0,divorced,employed,college,Busan,1
HCC_00722,55,500.0,512.0,1,25.0,5.2,822.0,4.0,1,109.9,married,retired,college,Others,0
HCC_00723,22,3210.0,618.0,3,70.0,0.5,4746.0,7.0,2,41.3,married,retired,college,Gyeonggi,1
HCC_00724,24,6805.0,602.0,2,66.0,0.0,13328.0,6.0,0,15.5,married,employed,high_school,Others,1
HCC_00725,30,3274.0,489.0,1,61.0,1.1,5956.0,8.0,0,33.0,divorced,employed,college,Gyeonggi,1
HCC_00726,59,5102.0,566.0,5,155.0,2.4,2615.0,14.0,1,80.4,single,employed,college,Seoul,0
HCC_00727,45,2471.0,565.0,4,55.0,0.9,428.0,4.0,1,43.4,married,retired,college,Gyeonggi,1
HCC_00728,51,3269.0,530.0,3,138.0,4.4,3247.0,11.0,0,100.0,divorced,self_employed,high_school,Gyeonggi,0
HCC_00729,28,7028.0,603.0,4,249.0,1.4,6247.0,16.0,1,74.7,single,self_employed,college,Others,0
HCC_00730,28,1696.0,586.0,1,24.0,2.3,3160.0,2.0,2,22.2,married,employed,high_school,Gyeonggi,0
HCC_00731,47,3917.0,537.0,1,113.0,5.3,6644.0,6.0,1,80.3,married,employed,high_school,Gyeonggi,0
HCC_00732,42,6790.0,332.0,1,273.0,1.9,17388.0,10.0,0,112.5,married,employed,college,Gyeonggi,0
HCC_00733,48,4280.0,677.0,3,193.0,2.8,4847.0,18.0,0,120.9,married,self_employed,high_school,Gyeonggi,1
HCC_00734,39,1050.0,487.0,3,23.0,1.3,796.0,7.0,0,37.9,single,unemployed,college,Gyeonggi,0
HCC_00735,45,8075.0,515.0,5,376.0,2.7,10465.0,34.0,1,98.4,single,employed,college,Busan,0
HCC_00736,43,7326.0,483.0,3,43.0,0.7,4158.0,4.0,2,33.9,single,employed,college,Gyeonggi,0
HCC_00737,51,3911.0,512.0,2,138.0,0.5,610.0,6.0,0,82.1,single,employed,graduate,Gyeonggi,0
HCC_00738,51,1682.0,472.0,1,67.0,13.5,2232.0,10.0,0,81.9,married,retired,graduate,Gyeonggi,1
HCC_00739,22,3120.0,472.0,1,74.0,4.5,3427.0,5.0,0,67.7,married,employed,college,Seoul,1
HCC_00740,22,10655.0,552.0,2,50.0,4.7,857.0,8.0,0,11.9,single,self_employed,graduate,Busan,1
HCC_00741,54,8355.0,626.0,3,298.0,1.5,14150.0,17.0,0,91.3,married,employed,graduate,Gyeonggi,1
HCC_00742,56,8596.0,748.0,1,171.0,1.7,11654.0,16.0,0,25.4,married,self_employed,college,Gyeonggi,0
HCC_00743,29,4685.0,612.0,4,52.0,4.9,822.0,6.0,1,23.4,married,employed,college,Busan,1
HCC_00744,22,2391.0,614.0,2,27.0,6.0,4027.0,4.0,0,36.6,divorced,employed,high_school,Others,1
HCC_00745,43,8967.0,559.0,1,353.0,0.3,1843.0,19.0,0,88.1,married,self_employed,college,Others,1
HCC_00746,53,2264.0,531.0,4,29.0,0.7,2974.0,1.0,2,43.1,married,retired,college,Gyeonggi,0
HCC_00747,63,2461.0,559.0,2,65.0,1.0,3801.0,8.0,1,50.2,single,retired,high_school,Seoul,1
HCC_00748,48,1625.0,463.0,3,79.0,4.2,2168.0,10.0,2,115.6,married,employed,college,Busan,1
HCC_00749,37,6327.0,529.0,1,246.0,10.4,12021.0,15.0,1,109.8,divorced,self_employed,graduate,Gyeonggi,0
HCC_00750,31,8023.0,649.0,1,235.0,6.1,7121.0,13.0,0,58.8,married,employed,college,Busan,1
HCC_00751,42,2782.0,615.0,0,79.0,4.8,1404.0,5.0,0,70.9,married,employed,high_school,Gyeonggi,1
HCC_00752,38,5652.0,562.0,2,67.0,0.3,6807.0,4.0,1,34.3,married,employed,high_school,Others,1
HCC_00753,29,800.0,412.0,3,20.0,1.3,760.0,2.0,2,60.9,married,employed,college,Seoul,0
HCC_00754,66,5537.0,532.0,5,60.0,10.3,2124.0,6.0,1,23.5,married,employed,graduate,Gyeonggi,0
HCC_00755,63,3766.0,422.0,4,30.0,0.2,4889.0,4.0,1,10.4,married,retired,graduate,Seoul,1
HCC_00756,55,9856.0,605.0,1,90.0,6.7,4745.0,4.0,0,23.9,divorced,employed,college,Gyeonggi,1
HCC_00757,30,1933.0,540.0,5,62.0,0.7,2291.0,9.0,0,76.0,married,employed,high_school,Busan,1
HCC_00758,52,5383.0,532.0,1,70.0,2.8,8089.0,7.0,0,16.8,single,employed,high_school,Gyeonggi,0
HCC_00759,49,8142.0,601.0,0,90.0,0.2,15272.0,5.0,3,37.5,married,employed,college,Gyeonggi,0
HCC_00760,47,5738.0,591.0,3,252.0,7.4,11837.0,16.0,0,96.3,single,self_employed,graduate,Others,0
HCC_00761,56,5251.0,573.0,4,51.0,1.5,8610.0,5.0,0,9.2,single,self_employed,college,Others,1
HCC_00762,49,5854.0,462.0,4,214.0,8.5,13998.0,18.0,1,81.8,married,employed,college,Gyeonggi,1
HCC_00763,50,988.0,490.0,3,23.0,3.8,1444.0,2.0,1,46.9,married,retired,college,Others,1
HCC_00764,49,2399.0,557.0,1,74.0,13.4,4237.0,8.0,3,71.4,single,retired,college,Gyeonggi,1
HCC_00765,46,3042.0,657.0,1,16.0,6.9,5357.0,4.0,0,0.2,single,unemployed,college,Others,1
HCC_00766,22,2382.0,502.0,1,10.0,0.0,5101.0,6.0,2,14.6,single,unemployed,college,Seoul,1
HCC_00767,43,2809.0,572.0,2,117.0,2.3,5187.0,9.0,0,113.8,married,retired,college,Seoul,0
HCC_00768,35,5783.0,628.0,2,150.0,5.4,12233.0,12.0,0,63.3,married,employed,college,Seoul,0
HCC_00769,26,5162.0,536.0,1,38.0,3.4,6171.0,7.0,1,3.2,single,retired,graduate,Seoul,0
HCC_00770,62,4087.0,633.0,2,81.0,9.7,9095.0,7.0,2,38.4,single,retired,college,Gyeonggi,1
HCC_00771,62,1079.0,607.0,2,30.0,2.5,1031.0,8.0,0,68.9,married,unemployed,high_school,Seoul,0
HCC_00772,58,3851.0,649.0,3,40.0,4.9,622.0,1.0,0,5.3,single,retired,high_school,Busan,1
HCC_00773,45,10110.0,638.0,2,295.0,0.9,4279.0,9.0,0,57.7,married,self_employed,college,Seoul,1
HCC_00774,58,3956.0,728.0,1,112.0,5.7,4735.0,10.0,0,51.5,married,retired,college,Seoul,1
HCC_00775,42,1187.0,463.0,2,38.0,2.2,46.0,4.0,2,78.0,divorced,unemployed,college,Others,0
HCC_00776,44,2949.0,699.0,2,122.0,1.2,1022.0,17.0,2,120.9,single,employed,college,Busan,1
HCC_00777,28,4683.0,608.0,1,108.0,5.8,4176.0,10.0,1,42.7,married,employed,college,Others,1
HCC_00778,46,6500.0,672.0,0,292.0,12.9,9155.0,20.0,0,116.0,single,self_employed,college,Gyeonggi,1
HCC_00779,42,1241.0,487.0,4,32.0,1.4,540.0,6.0,1,56.2,divorced,self_employed,college,Seoul,1
HCC_00780,26,2358.0,591.0,3,59.0,0.3,3278.0,10.0,1,46.8,divorced,unemployed,college,Gyeonggi,0
HCC_00781,41,3052.0,645.0,1,104.0,1.2,4675.0,8.0,0,97.4,married,unemployed,college,Gyeonggi,0
HCC_00782,41,5987.0,473.0,2,194.0,0.7,12134.0,9.0,1,99.4,married,self_employed,high_school,Seoul,0
HCC_00783,63,2095.0,508.0,2,10.0,8.4,3575.0,2.0,1,15.6,single,retired,college,Others,0
HCC_00784,52,4744.0,376.0,1,233.0,6.0,3379.0,19.0,2,121.5,married,employed,graduate,Gyeonggi,0
HCC_00785,42,4640.0,532.0,1,220.0,0.8,11736.0,19.0,0,114.4,married,retired,graduate,Busan,0
HCC_00786,44,5117.0,486.0,4,87.0,9.9,11945.0,8.0,2,39.3,single,employed,college,Gyeonggi,0
HCC_00787,42,6608.0,549.0,2,197.0,5.2,6175.0,15.0,1,75.0,married,employed,college,Gyeonggi,1
HCC_00788,39,7004.0,804.0,1,277.0,11.8,407.0,12.0,1,101.7,married,employed,college,Seoul,1
HCC_00789,29,8230.0,720.0,3,381.0,1.4,9399.0,18.0,2,127.7,married,employed,college,Others,1
HCC_00790,40,2670.0,412.0,2,83.0,4.1,6413.0,14.0,0,69.4,married,employed,college,Gyeonggi,0
HCC_00791,33,8173.0,626.0,2,41.0,3.1,15773.0,7.0,0,13.3,married,employed,graduate,Seoul,0
HCC_00792,26,3443.0,598.0,1,122.0,2.0,7429.0,10.0,1,84.2,married,employed,high_school,Seoul,1
HCC_00793,48,4531.0,518.0,1,38.0,0.6,11263.0,6.0,2,30.4,single,self_employed,high_school,Busan,0
HCC_00794,46,5746.0,572.0,1,201.0,3.2,10062.0,18.0,0,108.0,married,employed,high_school,Others,0
HCC_00795,22,5950.0,582.0,5,185.0,1.0,2354.0,18.0,1,85.2,single,employed,high_school,Others,1
HCC_00796,40,12145.0,514.0,2,407.0,5.7,1137.0,16.0,2,88.4,married,employed,graduate,Busan,0
HCC_00797,53,6564.0,483.0,3,84.0,15.2,2618.0,8.0,0,39.8,married,employed,college,Others,0
HCC_00798,54,5225.0,566.0,0,140.0,5.2,2593.0,11.0,0,77.0,married,employed,college,Busan,1
HCC_00799,54,5598.0,564.0,3,182.0,0.1,850.0,9.0,0,102.2,single,self_employed,college,Seoul,1
HCC_00800,42,1338.0,457.0,2,24.0,2.0,1630.0,3.0,1,26.2,single,self_employed,college,Gyeonggi,0
HCC_00801,31,8849.0,525.0,2,111.0,1.5,17688.0,7.0,1,36.1,married,employed,college,Seoul,1
HCC_00802,28,1233.0,505.0,1,18.0,4.4,14.0,3.0,0,9.2,single,unemployed,high_school,Seoul,1
HCC_00803,46,6765.0,639.0,2,294.0,9.9,12624.0,20.0,1,113.8,single,employed,college,Gyeonggi,0
HCC_00804,46,6208.0,556.0,0,158.0,12.8,14292.0,19.0,0,66.6,married,self_employed,high_school,Seoul,1
HCC_00805,57,1772.0,648.0,0,61.0,4.3,621.0,5.0,1,77.2,married,retired,graduate,Others,1
HCC_00806,55,2394.0,468.0,3,66.0,2.2,136.0,8.0,0,39.5,married,employed,high_school,Others,0
HCC_00807,40,9368.0,609.0,1,397.0,3.0,10697.0,26.0,1,101.6,married,employed,college,Gyeonggi,0
HCC_00808,27,8405.0,556.0,0,231.0,1.8,18162.0,19.0,0,68.2,married,employed,graduate,Busan,1
HCC_00809,38,3036.0,577.0,4,26.0,1.5,5472.0,6.0,1,19.9,married,employed,high_school,Gyeonggi,1
HCC_00810,44,3888.0,476.0,1,51.0,1.9,357.0,5.0,0,25.3,married,employed,high_school,Seoul,1
HCC_00811,39,11091.0,765.0,2,53.0,0.1,15457.0,6.0,0,2.5,divorced,employed,graduate,Seoul,1
HCC_00812,35,2743.0,392.0,3,116.0,3.8,6316.0,10.0,1,101.0,married,unemployed,college,Seoul,0
HCC_00813,45,1009.0,647.0,3,35.0,9.9,631.0,7.0,0,75.2,married,retired,college,Seoul,1
HCC_00814,35,7189.0,579.0,0,280.0,12.5,11471.0,21.0,1,101.6,married,employed,high_school,Seoul,1
HCC_00815,34,7915.0,623.0,2,292.0,2.3,9203.0,7.0,0,87.8,married,employed,college,Seoul,0
HCC_00816,45,5119.0,658.0,2,215.0,1.0,2404.0,17.0,2,83.6,married,employed,college,Seoul,0
HCC_00817,37,3403.0,603.0,1,168.0,1.4,7344.0,14.0,1,120.3,married,employed,graduate,Others,0
HCC_00818,44,2847.0,470.0,3,97.0,3.4,1689.0,3.0,0,85.9,married,unemployed,college,Seoul,1
HCC_00819,45,9033.0,638.0,5,142.0,2.7,17644.0,8.0,2,53.9,single,employed,graduate,Seoul,1
HCC_00820,28,1856.0,668.0,1,16.0,0.8,2948.0,3.0,0,30.0,married,employed,college,Gyeonggi,0
HCC_00821,36,3690.0,466.0,1,115.0,2.1,2175.0,6.0,2,65.8,single,employed,high_school,Gyeonggi,0
HCC_00822,59,13315.0,803.0,3,526.0,5.3,18886.0,27.0,0,109.1,married,employed,college,Gyeonggi,1
HCC_00823,28,4156.0,572.0,2,124.0,0.9,265.0,8.0,1,57.7,married,employed,high_school,Seoul,0
HCC_00824,22,3645.0,502.0,3,66.0,1.1,2236.0,6.0,2,43.7,divorced,employed,college,Busan,0
HCC_00825,22,2979.0,458.0,1,111.0,3.4,2282.0,12.0,0,97.0,single,employed,college,Gyeonggi,0
HCC_00826,42,9930.0,581.0,0,245.0,8.1,21527.0,9.0,1,73.8,married,employed,college,Busan,1
HCC_00827,42,2000.0,364.0,2,35.0,2.3,5258.0,3.0,0,60.9,married,unemployed,high_school,Gyeonggi,0
HCC_00828,40,9019.0,557.0,5,385.0,0.6,6076.0,28.0,1,115.2,single,employed,college,Gyeonggi,1
HCC_00829,56,3366.0,513.0,1,103.0,0.6,4112.0,6.0,0,72.1,single,retired,college,Gyeonggi,0
HCC_00830,22,8635.0,500.0,3,148.0,2.2,22038.0,8.0,0,46.9,single,employed,college,Seoul,1
HCC_00831,46,3379.0,594.0,1,65.0,14.6,5428.0,4.0,0,48.4,single,employed,college,Gyeonggi,1
HCC_00832,60,2436.0,507.0,0,74.0,11.5,439.0,7.0,1,65.8,single,retired,high_school,Seoul,0
HCC_00833,28,6218.0,511.0,2,146.0,4.2,6275.0,8.0,3,55.2,married,employed,college,Seoul,0
HCC_00834,37,8956.0,564.0,1,103.0,5.1,9330.0,3.0,3,45.6,married,employed,college,Busan,1
HCC_00835,32,6297.0,591.0,2,202.0,2.5,4665.0,17.0,1,83.5,single,employed,college,Seoul,0
HCC_00836,31,3395.0,540.0,1,121.0,6.8,4448.0,12.0,2,106.1,single,self_employed,high_school,Seoul,1
HCC_00837,38,3113.0,475.0,2,13.0,0.5,6072.0,6.0,2,0.0,single,retired,college,Busan,0
HCC_00838,59,1505.0,525.0,1,43.0,9.6,2654.0,4.0,1,64.8,married,self_employed,college,Gyeonggi,0
HCC_00839,64,800.0,504.0,3,24.0,1.4,729.0,5.0,0,76.2,married,employed,college,Others,0
HCC_00840,37,10231.0,511.0,4,198.0,7.2,19429.0,9.0,1,53.9,married,employed,graduate,Others,1
HCC_00841,64,6160.0,539.0,2,121.0,4.9,8297.0,9.0,0,46.0,single,employed,graduate,Others,1
HCC_00842,42,3635.0,583.0,2,68.0,1.9,6808.0,4.0,2,52.9,single,employed,high_school,Gyeonggi,0
HCC_00843,63,4168.0,587.0,5,102.0,2.7,1152.0,9.0,0,66.7,divorced,retired,college,Seoul,0
HCC_00844,40,10341.0,585.0,1,428.0,3.6,10171.0,21.0,0,85.5,single,self_employed,college,Gyeonggi,0
HCC_00845,43,9229.0,646.0,3,237.0,3.1,8406.0,12.0,1,69.2,single,employed,graduate,Gyeonggi,0
HCC_00846,46,8901.0,511.0,2,442.0,11.0,8073.0,27.0,0,129.9,single,self_employed,high_school,Gyeonggi,1
HCC_00847,70,3716.0,461.0,4,80.0,4.7,6946.0,6.0,3,54.6,divorced,retired,college,Seoul,0
HCC_00848,52,3441.0,514.0,1,125.0,1.0,4931.0,10.0,3,68.8,married,retired,college,Seoul,0
HCC_00849,33,6101.0,681.0,1,179.0,11.5,5269.0,4.0,1,67.6,married,employed,college,Seoul,1
HCC_00850,53,2286.0,536.0,1,89.0,2.6,3099.0,4.0,1,97.8,divorced,employed,college,Seoul,1
HCC_00851,37,7890.0,557.0,0,354.0,0.6,13816.0,11.0,0,99.0,single,employed,college,Seoul,1
HCC_00852,36,600.0,630.0,1,17.0,0.6,948.0,3.0,0,77.2,divorced,employed,high_school,Others,0
HCC_00853,52,4034.0,517.0,5,108.0,1.6,7874.0,12.0,2,71.5,single,employed,college,Seoul,0
HCC_00854,42,7502.0,754.0,1,355.0,0.0,13363.0,8.0,0,114.9,married,employed,graduate,Gyeonggi,1
HCC_00855,45,4760.0,507.0,0,224.0,2.9,9101.0,18.0,0,113.1,married,employed,graduate,Others,1
HCC_00856,42,4371.0,463.0,1,218.0,0.0,2105.0,18.0,1,121.6,married,employed,college,Gyeonggi,0
HCC_00857,46,5554.0,542.0,2,63.0,1.6,11830.0,3.0,1,27.2,divorced,retired,college,Gyeonggi,0
HCC_00858,47,7124.0,551.0,2,31.0,2.2,5909.0,3.0,1,0.0,single,self_employed,high_school,Busan,1
HCC_00859,22,5110.0,486.0,1,124.0,2.1,8943.0,8.0,0,53.9,divorced,employed,graduate,Seoul,1
HCC_00860,49,2379.0,732.0,3,90.0,8.1,5036.0,7.0,0,91.5,married,retired,college,Gyeonggi,0
HCC_00861,30,2307.0,549.0,3,17.0,0.1,1701.0,4.0,2,31.9,married,employed,college,Others,0
HCC_00862,24,9804.0,635.0,1,209.0,4.2,6173.0,15.0,0,58.1,divorced,employed,graduate,Busan,1
HCC_00863,41,4205.0,505.0,3,130.0,0.2,1984.0,8.0,0,88.9,single,self_employed,high_school,Others,0
HCC_00864,43,800.0,462.0,1,11.0,7.0,2107.0,4.0,0,19.0,divorced,employed,college,Others,0
HCC_00865,33,4314.0,625.0,2,163.0,0.6,4328.0,8.0,1,87.1,married,employed,high_school,Gyeonggi,1
HCC_00866,51,4948.0,415.0,4,73.0,2.9,10744.0,12.0,0,56.1,married,employed,high_school,Busan,1
HCC_00867,25,7908.0,488.0,4,338.0,5.7,1022.0,28.0,0,95.1,single,employed,college,Gyeonggi,0
HCC_00868,37,6114.0,541.0,1,123.0,7.2,2778.0,6.0,1,40.7,married,self_employed,college,Busan,1
HCC_00869,34,6167.0,670.0,2,195.0,6.6,881.0,12.0,0,73.2,married,employed,graduate,Busan,1
HCC_00870,41,10466.0,575.0,1,305.0,2.6,20914.0,11.0,2,90.1,married,employed,college,Busan,1
HCC_00871,45,7447.0,608.0,2,132.0,9.1,1892.0,13.0,2,35.8,single,employed,graduate,Others,1
HCC_00872,29,7299.0,575.0,2,177.0,7.0,16508.0,11.0,1,63.8,single,employed,college,Seoul,0
HCC_00873,50,4151.0,645.0,1,178.0,11.5,6365.0,19.0,0,106.8,married,employed,college,Busan,0
HCC_00874,42,3414.0,407.0,4,100.0,4.1,8651.0,11.0,0,51.0,single,unemployed,graduate,Seoul,0
HCC_00875,22,2140.0,580.0,3,14.0,5.0,2135.0,5.0,1,15.5,married,self_employed,college,Gyeonggi,1
HCC_00876,22,4345.0,528.0,1,160.0,1.7,5810.0,14.0,0,82.8,divorced,employed,college,Others,1
HCC_00877,41,2138.0,595.0,3,27.0,1.4,142.0,4.0,1,37.1,single,self_employed,high_school,Others,1
HCC_00878,39,3988.0,474.0,3,105.0,0.1,4928.0,5.0,0,80.6,single,employed,college,Gyeonggi,0
HCC_00879,40,11645.0,618.0,1,299.0,2.4,16262.0,32.0,1,58.2,married,employed,graduate,Gyeonggi,1
HCC_00880,41,3969.0,531.0,2,105.0,3.0,1013.0,7.0,0,60.0,single,employed,college,Seoul,0
HCC_00881,44,7296.0,493.0,3,41.0,0.8,18714.0,8.0,1,38.7,married,employed,college,Seoul,0
HCC_00882,53,2439.0,422.0,5,41.0,0.4,30.0,4.0,0,33.2,married,unemployed,high_school,Seoul,1
HCC_00883,28,2987.0,483.0,1,19.0,2.7,2104.0,3.0,0,1.8,married,retired,college,Others,0
HCC_00884,27,7984.0,590.0,2,185.0,3.8,11895.0,14.0,1,69.4,married,employed,college,Seoul,1
HCC_00885,28,6828.0,508.0,3,223.0,20.0,8780.0,11.0,1,77.9,married,employed,college,Others,1
HCC_00886,45,8991.0,564.0,5,307.0,6.0,5316.0,12.0,5,84.8,married,self_employed,graduate,Seoul,0
HCC_00887,56,7376.0,423.0,1,53.0,0.2,20044.0,5.0,1,39.6,single,employed,college,Busan,1
HCC_00888,36,13635.0,607.0,2,131.0,2.6,6145.0,3.0,0,9.0,married,employed,graduate,Gyeonggi,1
HCC_00889,22,2149.0,603.0,3,74.0,0.2,2924.0,6.0,1,80.7,divorced,retired,college,Busan,0
HCC_00890,22,1086.0,567.0,0,31.0,1.3,310.0,4.0,0,56.1,married,unemployed,college,Busan,0
HCC_00891,32,1219.0,505.0,2,52.0,1.6,177.0,6.0,2,105.7,married,retired,high_school,Busan,0
HCC_00892,35,7986.0,599.0,2,108.0,4.4,9359.0,6.0,0,26.9,married,employed,college,Others,1
HCC_00893,37,8323.0,517.0,2,81.0,7.0,17186.0,8.0,2,11.6,single,employed,college,Gyeonggi,1
HCC_00894,42,4157.0,672.0,3,86.0,2.4,4983.0,9.0,1,57.0,single,employed,college,Seoul,0
HCC_00895,38,500.0,670.0,1,17.0,2.1,332.0,3.0,0,81.7,single,retired,high_school,Seoul,0
HCC_00896,54,5148.0,565.0,3,136.0,3.4,213.0,12.0,0,50.9,divorced,employed,graduate,Busan,0
HCC_00897,33,5152.0,759.0,1,45.0,1.1,10089.0,2.0,0,9.1,single,employed,high_school,Gyeonggi,1
HCC_00898,31,5333.0,499.0,3,40.0,1.6,2940.0,2.0,1,20.1,married,employed,college,Gyeonggi,0
HCC_00899,47,9239.0,492.0,2,325.0,3.9,13887.0,17.0,1,67.7,single,self_employed,graduate,Gyeonggi,0
HCC_00900,23,4820.0,491.0,0,86.0,1.2,196.0,8.0,1,45.1,single,self_employed,college,Gyeonggi,1
HCC_00901,46,12475.0,607.0,5,435.0,0.2,2893.0,17.0,1,97.1,married,self_employed,graduate,Others,1
HCC_00902,43,6358.0,749.0,3,112.0,1.7,2274.0,10.0,0,48.9,married,employed,college,Busan,0
HCC_00903,40,10815.0,586.0,1,201.0,1.4,2949.0,4.0,1,38.4,married,self_employed,graduate,Busan,0
HCC_00904,61,3244.0,464.0,1,45.0,1.1,4601.0,4.0,2,36.0,divorced,retired,college,Busan,0
HCC_00905,34,6811.0,496.0,2,335.0,0.1,7053.0,20.0,1,105.5,married,employed,college,Others,0
HCC_00906,66,5733.0,649.0,5,28.0,14.0,10575.0,5.0,0,13.1,single,self_employed,high_school,Gyeonggi,1
HCC_00907,39,3180.0,612.0,1,32.0,1.0,878.0,5.0,0,20.9,married,employed,college,Others,0
HCC_00908,26,4824.0,509.0,4,205.0,4.1,5369.0,22.0,0,91.6,single,employed,high_school,Seoul,0
HCC_00909,42,5553.0,405.0,1,58.0,1.6,6635.0,7.0,1,31.3,divorced,retired,graduate,Busan,0
HCC_00910,29,6291.0,473.0,3,107.0,10.0,3854.0,6.0,1,21.0,married,employed,high_school,Busan,1
HCC_00911,32,4905.0,687.0,1,80.0,0.4,1048.0,9.0,1,27.3,married,employed,high_school,Gyeonggi,1
HCC_00912,46,4792.0,603.0,1,173.0,9.0,122.0,8.0,0,76.0,single,self_employed,graduate,Seoul,0
HCC_00913,48,2994.0,535.0,4,69.0,0.2,143.0,12.0,1,50.3,single,self_employed,high_school,Gyeonggi,0
HCC_00914,34,4412.0,694.0,1,188.0,8.0,3890.0,11.0,0,115.3,single,employed,college,Gyeonggi,1
HCC_00915,53,6870.0,725.0,4,264.0,5.8,802.0,10.0,0,99.8,divorced,self_employed,college,Others,1
HCC_00916,55,3896.0,536.0,1,111.0,2.9,3886.0,9.0,0,69.4,married,employed,high_school,Gyeonggi,1
HCC_00917,59,2018.0,519.0,1,31.0,4.7,2261.0,4.0,1,37.4,divorced,employed,high_school,Seoul,1
HCC_00918,48,3077.0,484.0,4,125.0,0.5,3607.0,11.0,0,97.4,single,self_employed,college,Gyeonggi,0
HCC_00919,58,690.0,484.0,2,30.0,3.6,348.0,2.0,0,118.1,married,self_employed,high_school,Gyeonggi,0
HCC_00920,22,600.0,387.0,1,25.0,7.7,846.0,8.0,1,81.8,single,employed,high_school,Seoul,1
HCC_00921,38,3878.0,420.0,2,25.0,16.9,4199.0,6.0,1,23.2,married,employed,high_school,Gyeonggi,0
HCC_00922,31,11301.0,475.0,1,409.0,0.3,29634.0,38.0,1,81.8,married,employed,college,Gyeonggi,0
HCC_00923,43,9992.0,687.0,3,364.0,4.5,1009.0,21.0,0,92.5,single,employed,college,Seoul,1
HCC_00924,35,1260.0,388.0,0,60.0,1.2,192.0,9.0,1,119.4,married,retired,high_school,Gyeonggi,0
HCC_00925,40,5875.0,715.0,2,95.0,1.5,10512.0,8.0,0,46.1,single,employed,college,Gyeonggi,1
HCC_00926,64,1011.0,452.0,1,41.0,1.9,725.0,4.0,0,113.2,married,retired,college,Others,0
HCC_00927,39,1665.0,656.0,2,60.0,3.2,700.0,9.0,1,72.8,married,employed,high_school,Gyeonggi,1
HCC_00928,46,877.0,480.0,4,39.0,12.0,2025.0,5.0,1,116.8,single,unemployed,college,Seoul,1
HCC_00929,39,6664.0,441.0,3,240.0,0.6,9649.0,8.0,3,85.8,divorced,employed,graduate,Others,0
HCC_00930,42,5044.0,653.0,1,218.0,4.6,7125.0,12.0,1,99.1,married,employed,college,Gyeonggi,0
HCC_00931,42,6132.0,673.0,1,127.0,0.1,110.0,9.0,0,70.0,married,employed,college,Seoul,0
HCC_00932,47,7158.0,499.0,1,82.0,3.3,4857.0,5.0,0,34.5,married,employed,college,Others,0
HCC_00933,55,1921.0,493.0,3,40.0,0.6,1302.0,5.0,2,45.8,married,retired,high_school,Seoul,0
HCC_00934,61,4151.0,469.0,1,172.0,3.3,8408.0,20.0,0,109.0,married,retired,graduate,Others,0
HCC_00935,45,4293.0,533.0,2,44.0,4.6,4194.0,5.0,1,24.1,married,self_employed,graduate,Busan,0
HCC_00936,49,2887.0,537.0,1,96.0,2.4,4211.0,7.0,1,75.5,married,employed,graduate,Others,1
HCC_00937,28,1314.0,485.0,5,65.0,1.9,3220.0,4.0,1,112.7,single,employed,high_school,Others,1
HCC_00938,40,8192.0,436.0,2,370.0,2.8,22005.0,15.0,0,111.4,single,self_employed,college,Seoul,0
HCC_00939,53,1920.0,473.0,2,67.0,1.9,649.0,3.0,0,77.6,married,retired,high_school,Others,0
HCC_00940,52,946.0,566.0,4,38.0,6.7,1298.0,6.0,0,98.0,single,self_employed,college,Seoul,0
HCC_00941,44,6144.0,545.0,5,58.0,4.7,10782.0,9.0,0,31.5,single,self_employed,college,Gyeonggi,0
HCC_00942,52,2378.0,498.0,2,64.0,3.0,4843.0,4.0,0,65.7,single,employed,college,Gyeonggi,0
HCC_00943,47,3981.0,465.0,3,114.0,3.4,9780.0,6.0,1,88.5,married,retired,high_school,Seoul,1
HCC_00944,56,5471.0,506.0,2,219.0,2.0,10312.0,13.0,1,96.2,single,employed,graduate,Seoul,0
HCC_00945,45,5403.0,667.0,2,92.0,0.6,8447.0,9.0,0,54.4,married,employed,high_school,Seoul,0
HCC_00946,37,2158.0,430.0,1,20.0,0.9,320.0,2.0,0,32.0,married,unemployed,high_school,Seoul,0
HCC_00947,46,4202.0,600.0,3,152.0,2.6,5494.0,6.0,2,102.1,married,employed,graduate,Seoul,0
HCC_00948,22,5690.0,561.0,3,152.0,0.4,8442.0,11.0,0,83.8,married,employed,college,Others,1
HCC_00949,46,6884.0,588.0,1,294.0,9.5,11622.0,14.0,0,84.9,married,employed,college,Gyeonggi,0
HCC_00950,22,5789.0,499.0,1,152.0,5.7,8787.0,12.0,1,65.7,married,employed,college,Others,1
HCC_00951,22,1681.0,489.0,3,72.0,5.0,1805.0,11.0,0,101.7,married,unemployed,high_school,Others,0
HCC_00952,47,571.0,505.0,1,16.0,5.0,721.0,4.0,0,68.4,married,unemployed,high_school,Busan,0
HCC_00953,47,6885.0,527.0,2,276.0,0.4,16956.0,15.0,0,92.2,single,employed,college,Gyeonggi,1
HCC_00954,28,2357.0,550.0,3,88.0,2.4,1939.0,15.0,3,84.2,divorced,retired,college,Others,1
HCC_00955,33,7330.0,610.0,1,120.0,9.0,13685.0,8.0,1,28.3,single,self_employed,college,Busan,1
HCC_00956,58,3217.0,706.0,1,59.0,3.8,4276.0,8.0,0,45.0,married,retired,high_school,Busan,0
HCC_00957,36,7172.0,594.0,1,325.0,4.5,7678.0,7.0,2,118.1,married,employed,college,Others,1
HCC_00958,68,4731.0,394.0,1,70.0,20.0,5512.0,7.0,1,30.6,single,retired,graduate,Gyeonggi,0
HCC_00959,41,5329.0,646.0,2,193.0,0.3,6608.0,9.0,0,83.6,married,employed,high_school,Gyeonggi,1
HCC_00960,46,5416.0,538.0,3,59.0,0.9,10933.0,9.0,1,19.2,single,employed,high_school,Others,1
HCC_00961,61,5081.0,712.0,3,197.0,1.1,1351.0,9.0,0,83.1,married,retired,college,Gyeonggi,0
HCC_00962,43,7310.0,691.0,0,105.0,2.9,14765.0,10.0,0,32.1,married,employed,graduate,Others,0
HCC_00963,29,5910.0,519.0,3,186.0,14.9,11722.0,10.0,1,79.0,single,employed,college,Seoul,0
HCC_00964,40,9005.0,648.0,1,270.0,1.8,7241.0,6.0,0,84.5,single,self_employed,college,Seoul,1
HCC_00965,41,4274.0,495.0,3,58.0,12.0,114.0,6.0,0,20.6,married,employed,college,Gyeonggi,0
HCC_00966,25,1621.0,516.0,1,43.0,0.1,438.0,2.0,1,63.4,single,employed,high_school,Seoul,0
HCC_00967,38,7743.0,632.0,2,344.0,5.0,2612.0,22.0,0,118.4,divorced,self_employed,college,Others,0
HCC_00968,33,1309.0,602.0,2,46.0,7.5,325.0,2.0,3,72.6,married,unemployed,high_school,Seoul,1
HCC_00969,53,2481.0,596.0,1,123.0,1.1,614.0,10.0,1,131.7,married,employed,college,Busan,0
HCC_00970,42,2785.0,534.0,5,112.0,1.2,6771.0,10.0,0,92.1,single,retired,high_school,Seoul,0
HCC_00971,38,3177.0,730.0,1,107.0,6.8,4477.0,9.0,0,87.9,married,unemployed,college,Others,0
HCC_00972,40,1639.0,487.0,1,49.0,2.2,3532.0,7.0,2,69.6,divorced,self_employed,college,Gyeonggi,0
HCC_00973,44,8056.0,452.0,2,380.0,2.6,12224.0,32.0,1,117.8,single,employed,college,Seoul,1
HCC_00974,49,920.0,396.0,2,26.0,3.9,1600.0,2.0,1,83.9,married,self_employed,college,Seoul,0
HCC_00975,30,5174.0,670.0,1,117.0,2.2,10302.0,8.0,1,53.1,single,self_employed,college,Gyeonggi,1
HCC_00976,29,13637.0,630.0,1,578.0,4.1,8360.0,30.0,0,111.7,married,employed,graduate,Others,1
HCC_00977,55,3474.0,547.0,1,164.0,0.9,6046.0,8.0,1,116.0,married,retired,graduate,Others,0
HCC_00978,37,4251.0,499.0,3,111.0,10.9,9947.0,8.0,1,54.8,married,retired,graduate,Seoul,0
HCC_00979,24,7407.0,538.0,2,77.0,9.5,17504.0,6.0,2,23.5,married,employed,college,Gyeonggi,0
HCC_00980,47,1390.0,451.0,1,45.0,2.1,1665.0,5.0,2,75.6,married,self_employed,college,Seoul,0
HCC_00981,47,5680.0,594.0,1,217.0,0.6,11737.0,15.0,2,77.6,single,employed,college,Gyeonggi,1
HCC_00982,23,6510.0,557.0,4,139.0,1.9,8154.0,10.0,0,55.8,single,self_employed,college,Gyeonggi,0
HCC_00983,44,3555.0,570.0,4,137.0,1.3,2255.0,5.0,2,99.1,married,unemployed,college,Seoul,0
HCC_00984,50,2411.0,551.0,1,69.0,0.7,1511.0,3.0,1,76.8,married,employed,college,Gyeonggi,0
HCC_00985,46,3410.0,500.0,2,61.0,3.3,4005.0,8.0,1,57.2,married,employed,high_school,Others,1
HCC_00986,49,2384.0,407.0,1,79.0,2.0,1713.0,5.0,3,89.1,married,employed,high_school,Seoul,0
HCC_00987,25,1377.0,390.0,1,30.0,3.7,116.0,2.0,2,46.3,single,unemployed,graduate,Seoul,0
HCC_00988,45,6239.0,805.0,3,251.0,2.1,1310.0,16.0,0,92.7,single,employed,high_school,Seoul,1
HCC_00989,38,1948.0,638.0,4,8.0,15.2,3845.0,3.0,0,18.2,single,unemployed,college,Seoul,1
HCC_00990,36,4111.0,648.0,1,171.0,0.3,8359.0,13.0,0,103.7,divorced,employed,college,Seoul,1
HCC_00991,52,3154.0,478.0,3,57.0,6.5,7280.0,7.0,2,43.2,married,employed,high_school,Gyeonggi,0
HCC_00992,59,3038.0,531.0,3,146.0,2.1,4269.0,8.0,3,106.6,married,retired,graduate,Seoul,0
HCC_00993,63,1780.0,453.0,3,69.0,0.3,4485.0,8.0,0,87.7,single,retired,high_school,Busan,1
HCC_00994,57,3157.0,427.0,3,48.0,5.2,4327.0,2.0,0,42.3,single,employed,graduate,Others,0
HCC_00995,40,6552.0,518.0,2,321.0,2.2,7770.0,15.0,1,98.1,married,employed,graduate,Others,1
HCC_00996,46,3451.0,641.0,4,93.0,5.5,3795.0,4.0,0,41.3,married,employed,high_school,Busan,1
HCC_00997,51,2704.0,594.0,1,76.0,3.7,1657.0,7.0,1,74.4,divorced,employed,high_school,Seoul,1
HCC_00998,43,5888.0,481.0,2,270.0,7.6,9529.0,18.0,3,104.7,married,employed,college,Seoul,0
HCC_00999,43,7015.0,545.0,1,325.0,2.3,7905.0,12.0,0,115.9,married,self_employed,college,Seoul,1
HCC_01000,51,3081.0,591.0,3,111.0,11.9,7261.0,9.0,1,102.2,married,employed,high_school,Others,0
HCC_01001,41,6939.0,524.0,1,340.0,2.1,3046.0,26.0,1,107.5,divorced,employed,graduate,Others,1
HCC_01002,33,8172.0,588.0,2,157.0,0.1,1519.0,10.0,0,29.4,married,employed,high_school,Gyeonggi,1
HCC_01003,37,14581.0,678.0,3,216.0,20.0,11489.0,8.0,0,32.8,married,employed,graduate,Seoul,1
HCC_01004,49,1182.0,543.0,1,7.0,2.2,641.0,2.0,1,7.4,divorced,retired,high_school,Gyeonggi,1
HCC_01005,42,4339.0,564.0,1,87.0,1.5,10639.0,7.0,1,47.9,single,employed,graduate,Seoul,0
HCC_01006,46,2139.0,469.0,1,68.0,1.0,3181.0,12.0,1,81.7,divorced,employed,high_school,Others,0
HCC_01007,50,9364.0,550.0,3,170.0,1.8,8421.0,17.0,2,46.8,single,self_employed,college,Seoul,1
HCC_01008,37,2477.0,434.0,1,76.0,2.9,4350.0,4.0,0,74.1,married,retired,college,Gyeonggi,0
HCC_01009,51,2516.0,400.0,2,16.0,1.8,3192.0,3.0,3,25.8,married,retired,high_school,Gyeonggi,0
HCC_01010,46,4958.0,540.0,2,101.0,3.1,2609.0,8.0,1,55.6,married,unemployed,graduate,Seoul,0
HCC_01011,27,1916.0,584.0,4,74.0,2.0,1838.0,6.0,0,90.9,married,unemployed,college,Gyeonggi,0
HCC_01012,59,8355.0,473.0,3,75.0,3.4,6350.0,6.0,0,27.9,married,self_employed,college,Others,1
HCC_01013,35,3741.0,559.0,1,138.0,0.4,5920.0,7.0,0,73.1,single,retired,college,Seoul,1
HCC_01014,22,4029.0,603.0,4,158.0,0.8,7876.0,9.0,0,104.8,single,employed,college,Gyeonggi,0
HCC_01015,29,2139.0,374.0,3,65.0,1.4,1602.0,5.0,3,73.2,single,unemployed,high_school,Gyeonggi,0
HCC_01016,29,886.0,487.0,3,40.0,1.7,1446.0,5.0,2,96.3,married,unemployed,high_school,Seoul,0
HCC_01017,42,3651.0,668.0,2,175.0,1.7,5856.0,11.0,0,110.9,married,retired,high_school,Seoul,1
HCC_01018,38,4031.0,584.0,1,23.0,3.5,3627.0,3.0,0,24.1,single,employed,college,Seoul,0
HCC_01019,37,3713.0,387.0,3,131.0,19.2,5116.0,7.0,1,77.0,divorced,self_employed,high_school,Seoul,0
HCC_01020,49,3751.0,590.0,2,56.0,1.7,3257.0,7.0,2,39.9,married,employed,graduate,Gyeonggi,1
HCC_01021,46,3668.0,477.0,1,84.0,10.8,3619.0,8.0,2,63.7,married,self_employed,college,Others,0
HCC_01022,45,4433.0,600.0,0,145.0,6.7,4747.0,16.0,0,78.7,married,employed,college,Busan,1
HCC_01023,46,800.0,453.0,1,29.0,7.6,637.0,3.0,0,78.4,single,employed,college,Others,0
HCC_01024,49,5654.0,552.0,2,241.0,1.9,6892.0,14.0,0,101.7,married,self_employed,college,Gyeonggi,0
HCC_01025,22,4230.0,499.0,1,154.0,4.0,8280.0,8.0,1,73.3,married,employed,college,Busan,1
HCC_01026,37,7475.0,575.0,2,297.0,5.5,7221.0,13.0,0,90.5,single,employed,college,Busan,1
HCC_01027,22,6557.0,520.0,3,207.0,0.8,15870.0,16.0,0,64.7,divorced,employed,college,Seoul,1
HCC_01028,42,4291.0,525.0,1,41.0,8.5,2385.0,8.0,2,22.5,married,self_employed,college,Seoul,0
HCC_01029,41,5007.0,456.0,1,26.0,1.7,6050.0,8.0,1,0.0,married,self_employed,college,Gyeonggi,0
HCC_01030,54,2322.0,562.0,1,66.0,1.0,3459.0,5.0,4,69.1,married,unemployed,graduate,Others,0
HCC_01031,56,6911.0,583.0,1,255.0,7.0,9138.0,10.0,1,99.9,divorced,employed,high_school,Gyeonggi,0
HCC_01032,44,3961.0,410.0,3,36.0,6.4,10427.0,5.0,0,33.8,married,self_employed,college,Seoul,1
HCC_01033,35,3192.0,611.0,2,76.0,4.8,2462.0,5.0,0,44.7,married,self_employed,high_school,Others,1
HCC_01034,47,2679.0,513.0,3,43.0,0.0,2604.0,4.0,1,31.9,married,employed,college,Seoul,1
HCC_01035,35,1795.0,531.0,5,54.0,3.1,2714.0,9.0,1,80.7,single,employed,college,Others,0
HCC_01036,41,4701.0,608.0,1,104.0,0.8,6684.0,5.0,1,60.1,single,employed,high_school,Others,0
HCC_01037,53,6007.0,586.0,2,80.0,0.8,11485.0,5.0,2,25.8,single,employed,college,Others,0
HCC_01038,35,8707.0,680.0,2,38.0,8.5,15496.0,1.0,1,5.6,married,employed,college,Others,1
HCC_01039,51,6078.0,537.0,2,115.0,1.4,167.0,5.0,1,46.2,married,employed,high_school,Seoul,0
HCC_01040,50,15515.0,738.0,1,432.0,3.7,25183.0,40.0,0,48.5,married,employed,graduate,Busan,1
HCC_01041,30,5315.0,563.0,1,249.0,1.6,9439.0,8.0,0,117.7,married,employed,college,Others,0
HCC_01042,53,6546.0,606.0,2,96.0,1.5,9157.0,8.0,1,46.0,single,employed,graduate,Busan,1
HCC_01043,50,1237.0,545.0,2,34.0,2.8,984.0,5.0,0,62.1,married,retired,college,Seoul,1
HCC_01044,43,9776.0,697.0,1,295.0,0.9,19561.0,14.0,1,58.2,married,employed,graduate,Seoul,0
HCC_01045,32,5796.0,616.0,1,197.0,11.8,10132.0,6.0,0,95.7,divorced,employed,college,Seoul,1
HCC_01046,31,8197.0,547.0,2,158.0,1.7,5285.0,12.0,0,48.5,married,self_employed,college,Gyeonggi,0
HCC_01047,35,3580.0,484.0,3,31.0,8.3,2876.0,8.0,2,27.9,divorced,employed,graduate,Gyeonggi,0
HCC_01048,48,6379.0,560.0,2,296.0,1.7,11239.0,18.0,1,98.2,married,employed,college,Others,1
HCC_01049,30,6013.0,499.0,0,288.0,2.8,14357.0,21.0,0,101.8,divorced,employed,college,Others,1
HCC_01050,47,7894.0,495.0,1,191.0,0.1,10107.0,8.0,1,62.2,married,employed,graduate,Busan,1
HCC_01051,27,3792.0,368.0,3,117.0,4.6,9548.0,11.0,2,84.3,single,employed,college,Seoul,0
HCC_01052,39,8473.0,461.0,3,47.0,9.0,8670.0,6.0,1,2.0,single,employed,college,Gyeonggi,1
HCC_01053,43,10626.0,765.0,0,67.0,8.0,8692.0,6.0,0,14.1,married,employed,college,Seoul,1
HCC_01054,70,2023.0,468.0,2,16.0,3.9,3697.0,4.0,1,3.1,single,retired,graduate,Seoul,1
HCC_01055,25,5421.0,706.0,2,206.0,0.6,599.0,15.0,1,84.2,single,retired,graduate,Seoul,1
HCC_01056,59,800.0,540.0,2,12.0,3.9,280.0,2.0,0,33.4,divorced,employed,college,Seoul,1
HCC_01057,43,7172.0,568.0,1,91.0,1.6,12873.0,9.0,0,35.3,single,employed,college,Seoul,1
HCC_01058,46,618.0,386.0,2,3.0,1.9,423.0,4.0,2,0.0,divorced,employed,high_school,Gyeonggi,1
HCC_01059,43,4816.0,549.0,4,25.0,9.0,2110.0,12.0,0,25.7,married,self_employed,college,Seoul,0
HCC_01060,47,3443.0,686.0,1,78.0,4.5,683.0,10.0,2,52.7,married,self_employed,graduate,Seoul,1
HCC_01061,40,5705.0,682.0,1,165.0,2.5,2868.0,15.0,0,82.4,married,self_employed,college,Seoul,1
HCC_01062,59,5698.0,579.0,0,175.0,14.7,3485.0,17.0,1,80.7,married,employed,high_school,Busan,0
HCC_01063,36,857.0,417.0,1,22.0,0.9,809.0,5.0,5,70.1,married,employed,college,Gyeonggi,0
HCC_01064,55,2531.0,449.0,4,64.0,2.4,6417.0,6.0,1,80.9,single,retired,college,Seoul,0
HCC_01065,34,5692.0,489.0,5,220.0,0.7,9621.0,22.0,1,84.9,divorced,employed,graduate,Seoul,1
HCC_01066,41,3899.0,641.0,0,68.0,7.2,6266.0,8.0,0,43.2,married,retired,high_school,Others,1
HCC_01067,29,6579.0,696.0,4,99.0,0.5,1928.0,7.0,1,26.2,single,employed,college,Gyeonggi,0
HCC_01068,47,3452.0,550.0,1,150.0,9.3,1663.0,6.0,3,103.3,married,employed,graduate,Busan,1
HCC_01069,59,5834.0,534.0,2,209.0,2.0,13275.0,17.0,3,93.2,married,employed,graduate,Gyeonggi,0
HCC_01070,41,7043.0,694.0,2,183.0,0.4,9882.0,14.0,0,73.6,married,employed,high_school,Others,1
HCC_01071,39,3443.0,456.0,1,58.0,0.9,7493.0,6.0,2,36.6,married,unemployed,graduate,Others,0
HCC_01072,28,3204.0,536.0,2,33.0,4.6,2895.0,5.0,2,12.7,single,employed,college,Gyeonggi,0
HCC_01073,39,6524.0,602.0,2,38.0,0.9,9023.0,7.0,0,14.7,married,employed,graduate,Busan,1
HCC_01074,22,3684.0,468.0,1,159.0,1.8,4929.0,13.0,2,95.1,single,employed,high_school,Seoul,1
HCC_01075,31,1454.0,464.0,5,46.0,1.2,798.0,4.0,0,70.1,single,unemployed,college,Busan,0
HCC_01076,44,1408.0,457.0,1,9.0,6.7,3119.0,5.0,3,22.1,single,self_employed,college,Gyeonggi,0
HCC_01077,57,2093.0,634.0,0,24.0,3.7,1629.0,6.0,2,32.4,married,retired,college,Seoul,0
HCC_01078,70,4935.0,702.0,4,84.0,6.9,5060.0,5.0,0,49.2,married,retired,college,Others,0
HCC_01079,34,4547.0,555.0,2,74.0,0.4,1506.0,6.0,0,35.7,married,employed,college,Others,0
HCC_01080,59,2883.0,507.0,1,84.0,1.6,4759.0,3.0,3,80.0,single,retired,college,Seoul,0
HCC_01081,44,2414.0,476.0,1,54.0,0.3,5057.0,8.0,0,53.8,single,retired,high_school,Others,1
HCC_01082,40,11045.0,611.0,0,493.0,2.2,10779.0,24.0,1,104.3,married,employed,college,Seoul,0
HCC_01083,47,4763.0,504.0,1,177.0,1.4,12076.0,11.0,1,78.2,single,self_employed,high_school,Gyeonggi,0
HCC_01084,42,11117.0,603.0,1,510.0,0.0,6855.0,25.0,0,89.2,married,employed,graduate,Others,1
HCC_01085,43,6217.0,595.0,2,272.0,0.9,13081.0,19.0,0,89.4,divorced,self_employed,graduate,Seoul,0
HCC_01086,37,4852.0,516.0,2,225.0,1.1,8986.0,20.0,0,113.4,married,employed,college,Gyeonggi,1
HCC_01087,25,4771.0,533.0,3,234.0,3.7,11210.0,15.0,3,108.6,divorced,self_employed,high_school,Busan,1
HCC_01088,23,2674.0,512.0,4,49.0,0.1,5102.0,5.0,2,27.5,single,employed,high_school,Seoul,1
HCC_01089,49,4991.0,525.0,1,69.0,17.6,6298.0,7.0,2,29.0,single,employed,college,Gyeonggi,1
HCC_01090,38,10422.0,569.0,4,122.0,4.4,10609.0,10.0,1,30.9,married,employed,graduate,Seoul,1
HCC_01091,34,4024.0,601.0,3,133.0,5.3,8003.0,13.0,1,83.5,married,self_employed,college,Busan,0
HCC_01092,42,4125.0,400.0,4,146.0,1.1,9706.0,10.0,1,84.7,married,employed,high_school,Seoul,1
HCC_01093,51,6272.0,689.0,3,51.0,2.3,8207.0,7.0,1,18.9,single,self_employed,high_school,Seoul,1
HCC_01094,44,2579.0,537.0,1,108.0,11.3,4574.0,14.0,2,95.1,married,employed,high_school,Busan,1
HCC_01095,34,11122.0,660.0,1,446.0,3.2,11737.0,35.0,0,102.6,married,employed,graduate,Seoul,0
HCC_01096,56,5682.0,615.0,4,187.0,14.5,2941.0,5.0,2,77.2,married,employed,college,Gyeonggi,0
HCC_01097,60,2798.0,471.0,2,68.0,0.5,372.0,8.0,2,57.6,single,retired,college,Busan,1
HCC_01098,47,800.0,435.0,4,9.0,20.0,1428.0,2.0,1,37.4,divorced,employed,college,Others,0
HCC_01099,53,7089.0,488.0,3,194.0,2.5,12448.0,11.0,3,73.6,single,self_employed,graduate,Seoul,0
HCC_01100,56,6429.0,545.0,1,74.0,0.4,10735.0,9.0,2,25.8,married,employed,college,Others,0
HCC_01101,55,4660.0,603.0,1,149.0,10.2,6274.0,9.0,0,73.5,married,unemployed,graduate,Busan,0
HCC_01102,49,9342.0,547.0,5,172.0,1.0,8016.0,17.0,0,40.8,married,employed,graduate,Seoul,1
HCC_01103,49,8316.0,632.0,0,129.0,2.7,4702.0,12.0,1,17.0,married,employed,college,Others,1
HCC_01104,48,3344.0,344.0,3,82.0,0.4,640.0,9.0,2,69.8,married,employed,graduate,Busan,0
HCC_01105,28,5183.0,521.0,5,160.0,2.3,1962.0,15.0,0,67.2,single,employed,college,Gyeonggi,0
HCC_01106,50,8552.0,679.0,1,180.0,0.4,12047.0,5.0,0,59.1,single,employed,college,Gyeonggi,1
HCC_01107,25,2460.0,511.0,1,119.0,1.5,4871.0,9.0,1,116.5,married,employed,high_school,Busan,0
HCC_01108,32,7913.0,513.0,2,35.0,1.9,18487.0,4.0,1,24.5,married,employed,college,Others,0
HCC_01109,57,3025.0,478.0,3,139.0,6.9,671.0,10.0,0,115.6,single,retired,high_school,Gyeonggi,0
HCC_01110,52,4640.0,304.0,2,19.0,1.5,11301.0,9.0,1,18.9,single,employed,high_school,Others,0
HCC_01111,59,1930.0,438.0,1,27.0,1.5,3141.0,2.0,2,27.7,married,retired,high_school,Busan,1
HCC_01112,38,3034.0,615.0,1,151.0,2.8,2167.0,7.0,0,106.6,single,employed,college,Others,1
HCC_01113,28,9938.0,553.0,1,373.0,0.5,17989.0,27.0,1,91.6,single,employed,college,Others,1
HCC_01114,39,7080.0,534.0,1,239.0,2.3,17736.0,9.0,1,61.8,divorced,employed,college,Seoul,1
HCC_01115,43,6352.0,377.0,1,238.0,2.3,6859.0,24.0,3,85.2,married,employed,college,Seoul,0
HCC_01116,42,6032.0,430.0,3,138.0,4.4,10370.0,14.0,4,43.0,divorced,employed,graduate,Gyeonggi,0
HCC_01117,55,4154.0,637.0,0,167.0,0.5,2520.0,16.0,2,88.1,divorced,retired,graduate,Gyeonggi,0
HCC_01118,37,5099.0,600.0,3,57.0,1.1,2509.0,7.0,1,32.8,single,self_employed,high_school,Gyeonggi,1
HCC_01119,46,6500.0,461.0,4,264.0,6.8,2596.0,19.0,0,102.8,married,employed,college,Others,1
HCC_01120,30,7336.0,523.0,2,346.0,2.1,602.0,20.0,0,111.6,married,employed,college,Others,1
HCC_01121,47,3544.0,533.0,2,154.0,2.3,6500.0,13.0,1,107.5,married,employed,college,Gyeonggi,1
HCC_01122,42,2109.0,425.0,1,80.0,2.1,847.0,8.0,0,85.6,single,self_employed,college,Busan,0
HCC_01123,33,5711.0,397.0,2,194.0,0.7,10837.0,15.0,0,105.8,single,employed,college,Seoul,0
HCC_01124,39,849.0,496.0,1,24.0,7.0,1925.0,5.0,0,70.9,single,employed,high_school,Gyeonggi,0
HCC_01125,39,4691.0,593.0,1,105.0,7.6,9587.0,11.0,0,47.8,married,employed,college,Seoul,0
HCC_01126,38,4227.0,590.0,2,185.0,2.4,3058.0,14.0,1,113.8,divorced,employed,college,Gyeonggi,1
HCC_01127,63,3701.0,607.0,0,125.0,2.4,1099.0,14.0,2,93.5,married,retired,college,Gyeonggi,1
HCC_01128,40,14116.0,517.0,1,340.0,4.4,16049.0,20.0,1,50.1,married,employed,graduate,Busan,1
HCC_01129,39,600.0,511.0,2,24.0,11.0,280.0,3.0,0,81.8,divorced,employed,high_school,Busan,0
HCC_01130,22,2936.0,508.0,2,20.0,20.0,2834.0,8.0,1,4.1,married,unemployed,high_school,Gyeonggi,0
HCC_01131,31,2028.0,513.0,1,84.0,0.7,2969.0,8.0,0,92.7,single,retired,high_school,Seoul,0
HCC_01132,38,4777.0,531.0,0,197.0,1.5,7812.0,7.0,2,98.4,married,employed,high_school,Seoul,0
HCC_01133,33,1472.0,462.0,1,22.0,1.7,860.0,4.0,1,19.6,married,employed,high_school,Others,1
HCC_01134,58,4396.0,303.0,2,26.0,4.1,2992.0,3.0,1,10.0,single,retired,college,Others,0
HCC_01135,40,5604.0,649.0,2,207.0,5.6,11171.0,16.0,1,86.6,married,employed,college,Seoul,0
HCC_01136,57,5346.0,580.0,1,71.0,2.9,12325.0,8.0,1,35.1,divorced,employed,college,Seoul,0
HCC_01137,42,800.0,389.0,2,40.0,0.4,1450.0,5.0,1,126.1,single,employed,college,Gyeonggi,0
HCC_01138,42,4263.0,580.0,5,20.0,1.5,5792.0,2.0,0,15.3,married,employed,high_school,Busan,1
HCC_01139,40,4188.0,506.0,2,62.0,6.4,7133.0,8.0,1,53.5,single,retired,college,Gyeonggi,1
HCC_01140,42,4234.0,509.0,2,26.0,5.3,1406.0,4.0,0,25.7,single,self_employed,high_school,Seoul,1
HCC_01141,62,6263.0,501.0,2,251.0,0.3,14596.0,10.0,2,98.4,single,retired,graduate,Gyeonggi,0
HCC_01142,22,7187.0,615.0,3,221.0,4.2,3553.0,9.0,0,64.1,married,self_employed,high_school,Seoul,1
HCC_01143,22,3897.0,475.0,4,168.0,4.3,6916.0,10.0,0,96.7,married,employed,college,Seoul,1
HCC_01144,35,14730.0,560.0,0,711.0,10.1,8109.0,54.0,1,101.6,single,self_employed,graduate,Seoul,1
HCC_01145,42,6455.0,655.0,1,207.0,16.8,10433.0,15.0,1,78.5,single,self_employed,college,Busan,0
HCC_01146,50,5624.0,542.0,1,83.0,0.0,10661.0,8.0,0,38.7,single,employed,college,Gyeonggi,1
HCC_01147,47,5747.0,546.0,3,48.0,5.1,10681.0,4.0,3,29.0,single,employed,college,Seoul,0
HCC_01148,37,4255.0,598.0,0,187.0,4.0,4385.0,17.0,1,108.1,married,employed,high_school,Gyeonggi,0
HCC_01149,54,800.0,455.0,4,12.0,0.0,1306.0,2.0,3,46.5,married,employed,college,Gyeonggi,1
HCC_01150,54,6799.0,531.0,0,307.0,1.1,10319.0,13.0,0,119.1,married,employed,graduate,Others,1
HCC_01151,44,2822.0,553.0,2,125.0,3.4,5070.0,10.0,1,96.0,married,employed,graduate,Others,1
HCC_01152,53,11001.0,487.0,1,362.0,7.7,14415.0,33.0,1,73.8,married,self_employed,college,Seoul,1
HCC_01153,45,9465.0,612.0,2,301.0,13.0,11408.0,19.0,0,76.2,single,employed,college,Others,1
HCC_01154,35,10300.0,543.0,2,492.0,1.3,17722.0,26.0,0,107.6,single,employed,graduate,Busan,0
HCC_01155,50,4904.0,617.0,3,190.0,2.6,1974.0,15.0,0,90.6,divorced,employed,college,Busan,1
HCC_01156,43,2980.0,574.0,2,106.0,5.0,4768.0,6.0,2,88.4,married,employed,college,Gyeonggi,0
HCC_01157,42,1591.0,549.0,2,38.0,2.7,590.0,4.0,2,56.1,divorced,retired,high_school,Seoul,0
HCC_01158,59,7767.0,449.0,3,205.0,5.0,15212.0,12.0,0,63.3,divorced,employed,high_school,Seoul,0
HCC_01159,22,3770.0,529.0,4,83.0,6.2,3727.0,10.0,0,43.4,married,employed,college,Others,0
HCC_01160,24,600.0,412.0,3,29.0,7.7,1398.0,3.0,0,121.1,divorced,employed,high_school,Gyeonggi,0
HCC_01161,27,2120.0,518.0,3,71.0,5.0,481.0,7.0,1,84.7,married,unemployed,high_school,Gyeonggi,0
HCC_01162,37,7979.0,395.0,2,319.0,4.6,10325.0,29.0,0,88.3,single,self_employed,high_school,Gyeonggi,0
HCC_01163,38,13025.0,507.0,4,76.0,1.6,5632.0,6.0,2,1.1,single,employed,graduate,Seoul,0
HCC_01164,23,6072.0,656.0,2,263.0,1.1,12071.0,15.0,0,116.3,single,employed,high_school,Seoul,0
HCC_01165,30,7335.0,603.0,4,171.0,9.5,2199.0,7.0,1,73.4,single,self_employed,high_school,Gyeonggi,0
HCC_01166,31,3098.0,503.0,3,118.0,4.4,3899.0,6.0,2,93.8,married,retired,college,Gyeonggi,0
HCC_01167,70,500.0,432.0,1,3.0,4.5,144.0,4.0,0,10.8,married,retired,high_school,Others,0
HCC_01168,63,7519.0,488.0,0,339.0,0.4,15739.0,14.0,2,118.7,married,employed,graduate,Busan,1
HCC_01169,37,9523.0,611.0,3,328.0,5.1,6387.0,25.0,2,87.4,married,employed,graduate,Gyeonggi,0
HCC_01170,37,5162.0,524.0,2,130.0,0.0,7826.0,10.0,1,58.3,single,employed,college,Others,0
HCC_01171,28,5805.0,682.0,2,105.0,1.5,2208.0,10.0,0,53.1,married,self_employed,college,Seoul,1
HCC_01172,22,1699.0,502.0,5,31.0,1.8,1551.0,9.0,1,35.7,married,retired,college,Busan,0
HCC_01173,40,1236.0,517.0,2,22.0,5.9,361.0,4.0,0,35.8,single,retired,high_school,Busan,0
HCC_01174,30,11610.0,505.0,1,118.0,1.6,16563.0,13.0,3,28.0,single,self_employed,college,Seoul,1
HCC_01175,40,7639.0,548.0,2,194.0,3.9,66.0,7.0,1,62.1,married,employed,high_school,Seoul,0
HCC_01176,22,2266.0,537.0,0,57.0,4.2,5684.0,3.0,2,66.7,single,retired,high_school,Seoul,0
HCC_01177,32,6204.0,532.0,2,143.0,16.1,6549.0,10.0,1,67.3,married,employed,college,Seoul,1
HCC_01178,43,2286.0,484.0,4,83.0,9.2,3787.0,6.0,0,71.6,married,employed,high_school,Gyeonggi,1
HCC_01179,46,6129.0,587.0,0,143.0,4.7,4264.0,8.0,1,56.4,married,self_employed,high_school,Seoul,1
HCC_01180,47,9899.0,720.0,3,82.0,1.0,5415.0,7.0,1,38.9,single,employed,college,Busan,1
HCC_01181,26,587.0,517.0,3,25.0,4.2,1274.0,3.0,1,96.2,married,unemployed,college,Seoul,0
HCC_01182,52,2747.0,619.0,1,65.0,2.8,4919.0,5.0,0,49.6,married,retired,high_school,Seoul,0
HCC_01183,32,5906.0,609.0,3,202.0,0.3,9050.0,16.0,2,59.7,single,self_employed,high_school,Seoul,0
HCC_01184,49,5881.0,646.0,3,275.0,5.6,10211.0,16.0,0,113.2,married,self_employed,high_school,Seoul,0
HCC_01185,41,7205.0,523.0,2,283.0,1.5,3226.0,20.0,2,100.1,married,employed,high_school,Others,1
HCC_01186,25,14297.0,626.0,1,413.0,3.1,31357.0,23.0,0,75.1,married,employed,graduate,Seoul,0
HCC_01187,38,7633.0,560.0,1,222.0,5.1,8608.0,4.0,1,59.4,single,self_employed,graduate,Seoul,1
HCC_01188,46,7183.0,616.0,2,310.0,8.3,14776.0,11.0,1,103.5,married,employed,college,Seoul,0
HCC_01189,49,3141.0,595.0,1,132.0,4.0,5572.0,9.0,0,103.1,single,retired,college,Gyeonggi,1
HCC_01190,40,3920.0,549.0,1,48.0,11.0,2804.0,7.0,0,29.9,single,employed,college,Gyeonggi,0
HCC_01191,60,2162.0,592.0,4,71.0,0.2,2974.0,5.0,0,67.9,single,unemployed,college,Others,0
HCC_01192,54,5384.0,509.0,3,236.0,1.3,13438.0,15.0,1,106.0,divorced,employed,high_school,Gyeonggi,0
HCC_01193,38,5212.0,623.0,3,214.0,6.9,455.0,22.0,0,90.4,single,self_employed,high_school,Gyeonggi,1
HCC_01194,51,1813.0,599.0,4,18.0,3.7,1857.0,7.0,0,5.1,married,retired,college,Gyeonggi,0
HCC_01195,65,2388.0,578.0,0,58.0,2.0,3622.0,8.0,1,65.1,married,retired,college,Others,1
HCC_01196,65,3761.0,548.0,1,105.0,1.8,3201.0,7.0,3,68.4,divorced,self_employed,high_school,Gyeonggi,1
HCC_01197,27,3394.0,591.0,2,54.0,5.7,2609.0,9.0,0,44.1,married,employed,college,Seoul,0
HCC_01198,30,6284.0,491.0,2,222.0,1.0,12317.0,17.0,1,79.4,divorced,employed,college,Busan,1
HCC_01199,59,6545.0,581.0,1,170.0,9.5,14622.0,11.0,2,68.6,single,employed,college,Others,0
HCC_01200,29,7949.0,604.0,3,142.0,2.0,10222.0,13.0,1,53.1,single,employed,college,Gyeonggi,1
HCC_01201,26,3356.0,427.0,0,66.0,0.3,8738.0,8.0,3,64.7,married,employed,college,Others,0
HCC_01202,36,4056.0,579.0,2,176.0,4.8,1003.0,19.0,1,112.3,married,employed,college,Others,1
HCC_01203,47,7040.0,470.0,2,309.0,0.4,4260.0,30.0,1,109.2,married,employed,high_school,Seoul,0
HCC_01204,40,4389.0,510.0,2,182.0,6.2,993.0,11.0,2,85.7,married,self_employed,high_school,Others,0
HCC_01205,34,2634.0,530.0,1,121.0,2.0,2914.0,8.0,0,109.2,married,unemployed,graduate,Gyeonggi,0
HCC_01206,33,5062.0,492.0,0,242.0,6.1,8299.0,19.0,1,100.5,divorced,employed,college,Gyeonggi,0
HCC_01207,33,6249.0,569.0,4,167.0,4.0,3084.0,12.0,1,55.9,married,employed,high_school,Gyeonggi,0
HCC_01208,31,9694.0,602.0,4,83.0,1.7,10418.0,12.0,0,40.1,single,self_employed,college,Others,0
HCC_01209,69,6150.0,496.0,2,251.0,3.6,10977.0,12.0,1,87.7,married,retired,graduate,Gyeonggi,0
HCC_01210,45,2630.0,572.0,0,87.0,5.3,4131.0,9.0,1,56.0,single,unemployed,graduate,Gyeonggi,1
HCC_01211,52,4481.0,484.0,2,97.0,0.7,7422.0,12.0,0,60.1,married,employed,graduate,Seoul,1
HCC_01212,36,10313.0,786.0,1,504.0,3.8,12675.0,16.0,0,110.6,single,employed,college,Gyeonggi,1
HCC_01213,39,4202.0,533.0,1,83.0,1.0,10505.0,9.0,0,55.1,married,retired,college,Others,0
HCC_01214,33,4358.0,450.0,1,199.0,0.5,8400.0,16.0,0,97.9,married,employed,college,Busan,0
HCC_01215,22,6795.0,489.0,1,213.0,7.0,16172.0,5.0,1,71.0,single,employed,high_school,Seoul,0
HCC_01216,25,2289.0,615.0,1,13.0,1.4,5163.0,7.0,0,25.6,single,retired,college,Others,0
HCC_01217,22,9027.0,558.0,1,394.0,10.5,19277.0,20.0,1,91.5,married,employed,college,Others,1
HCC_01218,22,7931.0,470.0,3,310.0,5.3,2008.0,27.0,0,92.1,single,self_employed,high_school,Gyeonggi,0
HCC_01219,27,1510.0,583.0,2,51.0,0.6,1945.0,7.0,2,84.0,married,unemployed,graduate,Seoul,0
HCC_01220,57,6954.0,536.0,2,225.0,2.3,6707.0,8.0,2,70.5,married,employed,college,Gyeonggi,1
HCC_01221,41,6430.0,617.0,1,91.0,4.5,1477.0,6.0,0,36.4,single,self_employed,high_school,Seoul,0
HCC_01222,57,12037.0,695.0,3,168.0,7.6,15009.0,8.0,0,33.7,single,employed,college,Seoul,0
HCC_01223,46,1722.0,539.0,1,9.0,6.9,924.0,5.0,0,17.9,married,unemployed,graduate,Gyeonggi,1
HCC_01224,51,6743.0,759.0,1,76.0,3.8,8167.0,9.0,0,45.5,divorced,retired,graduate,Others,0
HCC_01225,31,1940.0,381.0,2,38.0,10.6,4500.0,4.0,2,73.8,single,unemployed,college,Gyeonggi,0
HCC_01226,48,3235.0,467.0,3,94.0,1.8,3397.0,8.0,1,74.4,divorced,employed,graduate,Others,1
HCC_01227,50,3861.0,518.0,3,39.0,1.6,9403.0,8.0,1,23.1,married,retired,graduate,Others,1
HCC_01228,35,4088.0,722.0,2,122.0,2.1,6755.0,12.0,1,76.0,married,retired,graduate,Seoul,0
HCC_01229,48,4429.0,688.0,1,72.0,8.4,7922.0,7.0,1,36.7,married,self_employed,graduate,Seoul,1
HCC_01230,48,7222.0,675.0,1,114.0,8.1,1825.0,9.0,0,22.0,married,self_employed,college,Busan,1
HCC_01231,35,10658.0,543.0,2,507.0,0.3,25237.0,38.0,1,113.7,married,employed,graduate,Others,1
HCC_01232,28,2133.0,467.0,1,106.0,7.9,196.0,9.0,1,130.1,married,unemployed,college,Gyeonggi,0
HCC_01233,27,4145.0,475.0,1,171.0,0.9,9270.0,5.0,1,84.4,married,employed,college,Busan,0
HCC_01234,43,3847.0,476.0,0,26.0,1.7,302.0,3.0,0,6.4,married,employed,high_school,Gyeonggi,0
HCC_01235,45,3019.0,650.0,4,113.0,0.1,1128.0,13.0,0,84.0,single,retired,college,Busan,0
HCC_01236,32,4487.0,525.0,1,55.0,1.1,3608.0,6.0,0,33.1,married,retired,graduate,Busan,0
HCC_01237,42,4551.0,537.0,1,138.0,1.0,8481.0,15.0,0,96.5,single,retired,college,Seoul,0
HCC_01238,48,8343.0,645.0,4,377.0,2.8,17334.0,28.0,0,100.4,single,employed,graduate,Seoul,1
HCC_01239,49,1993.0,387.0,3,43.0,2.0,3754.0,4.0,2,52.7,single,employed,college,Seoul,0
HCC_01240,60,1689.0,521.0,2,79.0,0.3,3144.0,8.0,1,112.3,single,retired,high_school,Others,0
HCC_01241,57,4436.0,457.0,2,163.0,8.6,3453.0,15.0,4,85.2,married,employed,high_school,Others,1
HCC_01242,29,3927.0,516.0,1,71.0,7.3,9836.0,4.0,0,42.9,married,unemployed,graduate,Others,0
HCC_01243,62,4810.0,501.0,3,41.0,8.9,5095.0,2.0,3,15.8,married,retired,college,Seoul,1
HCC_01244,35,9937.0,548.0,1,413.0,2.0,22715.0,32.0,0,127.2,single,employed,college,Gyeonggi,1
HCC_01245,54,5827.0,576.0,4,147.0,6.1,11116.0,11.0,0,68.0,married,employed,college,Seoul,0
HCC_01246,42,7408.0,592.0,1,56.0,0.7,6573.0,7.0,0,13.6,married,employed,college,Gyeonggi,1
HCC_01247,37,652.0,489.0,2,6.0,5.0,587.0,3.0,0,33.9,married,unemployed,college,Seoul,1
HCC_01248,22,10207.0,632.0,2,495.0,1.0,16201.0,19.0,0,119.0,married,self_employed,graduate,Others,1
HCC_01249,39,2812.0,459.0,1,43.0,7.0,7093.0,6.0,1,37.3,married,employed,college,Seoul,0
HCC_01250,23,7214.0,627.0,1,350.0,8.9,11379.0,28.0,0,114.6,married,employed,graduate,Busan,1
HCC_01251,53,13075.0,614.0,3,463.0,0.8,26592.0,37.0,0,82.5,divorced,employed,college,Others,1
HCC_01252,60,8449.0,546.0,1,152.0,3.9,20476.0,8.0,0,31.0,married,employed,graduate,Busan,1
HCC_01253,32,1378.0,450.0,5,30.0,4.6,1228.0,5.0,1,35.5,married,retired,high_school,Seoul,0
HCC_01254,45,7497.0,556.0,1,298.0,1.2,10044.0,22.0,1,99.1,married,self_employed,college,Others,1
HCC_01255,33,3155.0,681.0,2,76.0,2.7,4301.0,7.0,0,55.9,single,employed,high_school,Busan,1
HCC_01256,34,3563.0,531.0,2,27.0,8.7,1964.0,2.0,0,27.0,divorced,self_employed,college,Gyeonggi,0
HCC_01257,51,10758.0,516.0,2,158.0,4.7,22034.0,10.0,1,26.3,married,employed,college,Busan,1
HCC_01258,41,8167.0,655.0,2,356.0,2.9,4896.0,14.0,1,93.6,single,employed,college,Others,1
HCC_01259,62,3500.0,497.0,3,126.0,4.6,6447.0,11.0,1,94.2,divorced,retired,college,Gyeonggi,1
HCC_01260,36,3390.0,557.0,2,92.0,12.9,4415.0,4.0,1,62.2,married,employed,high_school,Gyeonggi,1
HCC_01261,53,4723.0,499.0,2,73.0,0.3,10282.0,9.0,0,45.7,single,employed,college,Gyeonggi,0
HCC_01262,43,4421.0,647.0,2,115.0,0.7,5215.0,8.0,0,62.8,single,unemployed,graduate,Seoul,0
HCC_01263,51,3447.0,487.0,2,139.0,7.3,5310.0,15.0,2,115.6,single,retired,college,Others,0
HCC_01264,36,600.0,618.0,1,5.0,4.6,257.0,3.0,1,27.6,married,employed,high_school,Seoul,1
HCC_01265,41,13285.0,549.0,1,661.0,0.3,26863.0,23.0,0,123.5,single,self_employed,college,Gyeonggi,0
HCC_01266,40,5958.0,536.0,2,260.0,0.4,6057.0,11.0,1,112.7,divorced,employed,college,Gyeonggi,1
HCC_01267,31,6358.0,676.0,4,119.0,6.2,8286.0,9.0,0,42.2,divorced,employed,college,Seoul,0
HCC_01268,49,8217.0,596.0,0,362.0,2.9,16741.0,23.0,1,89.3,married,employed,college,Gyeonggi,1
HCC_01269,49,6664.0,748.0,2,236.0,5.6,6722.0,17.0,1,88.6,married,employed,college,Gyeonggi,1
HCC_01270,49,7367.0,552.0,1,256.0,9.3,5047.0,17.0,1,102.8,single,employed,college,Seoul,1
HCC_01271,60,2442.0,545.0,2,26.0,2.0,1627.0,3.0,0,2.6,single,retired,college,Seoul,0
HCC_01272,59,1001.0,662.0,3,46.0,2.0,1290.0,6.0,0,115.0,married,retired,high_school,Others,0
HCC_01273,37,8371.0,463.0,3,208.0,1.0,6518.0,8.0,0,44.3,single,employed,graduate,Others,1
HCC_01274,46,10441.0,473.0,3,428.0,6.1,9381.0,27.0,1,98.1,single,self_employed,college,Gyeonggi,1
HCC_01275,34,3880.0,475.0,3,69.0,0.1,2414.0,10.0,1,43.5,married,employed,college,Seoul,0
HCC_01276,42,3174.0,597.0,1,58.0,12.4,3408.0,6.0,1,51.3,single,self_employed,high_school,Seoul,0
HCC_01277,34,8553.0,457.0,2,414.0,0.3,10707.0,12.0,1,118.3,married,employed,college,Seoul,1
HCC_01278,61,5882.0,607.0,1,158.0,6.9,7381.0,6.0,1,78.2,married,employed,graduate,Gyeonggi,0
HCC_01279,46,3858.0,581.0,4,27.0,0.2,5576.0,3.0,1,28.5,married,self_employed,high_school,Others,0
HCC_01280,39,3425.0,695.0,3,145.0,0.5,4450.0,13.0,0,99.6,married,employed,high_school,Busan,1
HCC_01281,56,4604.0,630.0,1,67.0,1.7,3957.0,10.0,0,45.9,married,self_employed,high_school,Seoul,0
HCC_01282,22,1566.0,545.0,1,70.0,2.1,3540.0,9.0,0,104.2,married,employed,college,Others,1
HCC_01283,22,5605.0,665.0,2,259.0,2.8,6510.0,15.0,1,106.1,married,employed,graduate,Gyeonggi,1
HCC_01284,51,6076.0,604.0,5,46.0,4.2,12094.0,12.0,0,6.1,married,employed,college,Seoul,0
HCC_01285,42,6967.0,533.0,1,215.0,4.7,9840.0,14.0,0,87.2,single,self_employed,college,Gyeonggi,1
HCC_01286,45,13033.0,539.0,2,641.0,1.5,12182.0,49.0,0,115.0,divorced,self_employed,graduate,Seoul,1
HCC_01287,26,10098.0,555.0,1,473.0,1.7,18573.0,22.0,1,88.2,single,employed,college,Others,0
HCC_01288,41,6961.0,566.0,2,197.0,0.5,3040.0,13.0,2,73.3,single,employed,high_school,Gyeonggi,0
HCC_01289,66,3212.0,546.0,2,114.0,3.9,7811.0,5.0,2,80.8,single,retired,high_school,Busan,0
HCC_01290,51,5897.0,388.0,1,188.0,0.8,9531.0,14.0,0,73.5,married,self_employed,college,Gyeonggi,1
HCC_01291,44,1863.0,501.0,3,25.0,3.4,504.0,6.0,1,29.9,married,unemployed,graduate,Others,1
HCC_01292,36,5545.0,558.0,1,189.0,13.8,5804.0,20.0,0,78.4,married,employed,college,Busan,0
HCC_01293,37,6964.0,613.0,3,135.0,0.8,11780.0,14.0,1,73.8,divorced,employed,college,Gyeonggi,1
HCC_01294,22,10199.0,732.0,1,200.0,0.1,1484.0,10.0,0,63.7,single,employed,graduate,Seoul,1
HCC_01295,45,7058.0,585.0,2,165.0,9.6,4483.0,14.0,0,63.1,married,employed,college,Others,1
HCC_01296,52,5197.0,479.0,1,225.0,1.4,12692.0,13.0,1,106.3,married,employed,college,Gyeonggi,0
HCC_01297,23,5600.0,411.0,2,85.0,2.3,5541.0,9.0,1,47.7,married,employed,high_school,Seoul,1
HCC_01298,34,4088.0,596.0,1,64.0,2.6,1567.0,4.0,2,40.0,single,unemployed,graduate,Others,0
HCC_01299,28,7700.0,507.0,2,35.0,11.8,1959.0,6.0,0,19.1,single,employed,college,Seoul,0
HCC_01300,30,6233.0,632.0,0,70.0,7.3,9014.0,9.0,2,32.5,married,self_employed,college,Seoul,1
HCC_01301,42,2562.0,637.0,1,126.0,0.1,3326.0,5.0,0,119.3,married,employed,high_school,Gyeonggi,1
HCC_01302,22,3356.0,410.0,3,81.0,6.3,6043.0,9.0,0,67.3,married,employed,college,Seoul,0
HCC_01303,49,1329.0,558.0,2,17.0,4.8,3163.0,3.0,1,26.5,married,unemployed,college,Gyeonggi,0
HCC_01304,51,7064.0,674.0,2,342.0,2.5,956.0,33.0,0,116.8,married,self_employed,college,Seoul,1
HCC_01305,38,5100.0,633.0,2,28.0,7.7,2353.0,4.0,2,3.4,married,employed,high_school,Seoul,0
HCC_01306,22,3049.0,363.0,2,80.0,4.5,2049.0,9.0,1,54.3,single,self_employed,graduate,Seoul,0
HCC_01307,30,5724.0,489.0,3,235.0,2.6,6410.0,18.0,1,73.2,single,employed,graduate,Seoul,0
HCC_01308,56,6108.0,459.0,2,242.0,1.2,1983.0,18.0,0,99.7,single,employed,college,Others,1
HCC_01309,22,3738.0,579.0,4,48.0,2.2,3741.0,6.0,2,38.1,married,self_employed,college,Gyeonggi,0
HCC_01310,37,10223.0,635.0,3,374.0,7.7,19441.0,33.0,1,98.7,married,self_employed,graduate,Gyeonggi,0
HCC_01311,27,6387.0,348.0,2,209.0,19.3,3036.0,15.0,2,67.5,married,employed,graduate,Gyeonggi,0
HCC_01312,51,2030.0,496.0,1,71.0,1.4,4853.0,7.0,2,88.3,married,retired,college,Busan,0
HCC_01313,33,6478.0,629.0,2,106.0,2.6,13825.0,10.0,0,39.3,married,self_employed,college,Seoul,1
HCC_01314,46,7453.0,586.0,3,308.0,9.1,9283.0,12.0,2,106.6,married,self_employed,college,Seoul,0
HCC_01315,48,4561.0,557.0,1,136.0,8.3,9753.0,10.0,1,65.0,married,employed,graduate,Busan,1
HCC_01316,64,5627.0,527.0,1,210.0,5.0,10193.0,10.0,2,86.2,married,self_employed,college,Gyeonggi,0
HCC_01317,39,5002.0,465.0,1,236.0,0.8,4764.0,12.0,2,97.7,married,employed,high_school,Others,0
HCC_01318,46,3100.0,530.0,3,134.0,4.2,4423.0,7.0,1,96.6,married,self_employed,high_school,Others,1
HCC_01319,24,1830.0,522.0,3,73.0,0.3,545.0,4.0,2,95.8,married,employed,graduate,Others,1
HCC_01320,56,1231.0,562.0,1,21.0,7.6,1511.0,6.0,1,42.7,married,retired,graduate,Seoul,1
HCC_01321,32,6014.0,616.0,2,40.0,1.6,11820.0,3.0,0,0.0,married,employed,graduate,Seoul,1
HCC_01322,35,2535.0,532.0,3,77.0,2.4,3762.0,3.0,1,67.8,married,self_employed,college,Seoul,0
HCC_01323,41,7189.0,659.0,4,41.0,9.6,6267.0,7.0,0,15.3,married,self_employed,graduate,Others,1
HCC_01324,23,15001.0,620.0,1,554.0,11.0,23492.0,28.0,1,102.7,single,self_employed,graduate,Others,1
HCC_01325,44,2362.0,408.0,1,90.0,2.1,6424.0,7.0,2,83.0,married,self_employed,college,Others,0
HCC_01326,53,1977.0,558.0,1,59.0,1.5,331.0,6.0,0,76.5,divorced,retired,high_school,Seoul,1
HCC_01327,45,14622.0,656.0,2,174.0,0.6,11052.0,5.0,0,22.9,single,employed,graduate,Others,0
HCC_01328,22,4890.0,589.0,1,217.0,4.5,1847.0,9.0,0,102.0,married,employed,high_school,Gyeonggi,1
HCC_01329,40,2519.0,424.0,1,79.0,2.4,6634.0,8.0,2,66.5,single,retired,college,Others,0
HCC_01330,50,5874.0,702.0,3,163.0,0.8,7042.0,11.0,1,56.2,married,self_employed,college,Gyeonggi,0
HCC_01331,22,6573.0,623.0,2,198.0,1.9,2006.0,11.0,1,67.5,married,employed,college,Seoul,0
HCC_01332,29,5357.0,531.0,1,43.0,6.5,8323.0,3.0,2,29.7,single,retired,college,Seoul,0
HCC_01333,52,4173.0,467.0,1,159.0,1.9,5567.0,8.0,1,83.9,divorced,employed,college,Others,1
HCC_01334,45,2704.0,613.0,1,19.0,5.5,381.0,4.0,1,7.8,married,employed,high_school,Gyeonggi,0
HCC_01335,46,2772.0,440.0,1,85.0,2.4,6518.0,8.0,3,75.7,divorced,employed,graduate,Gyeonggi,0
HCC_01336,64,2375.0,705.0,2,28.0,3.3,3689.0,4.0,0,28.3,single,retired,high_school,Gyeonggi,0
HCC_01337,47,1986.0,471.0,1,27.0,6.7,28.0,3.0,1,31.9,married,employed,college,Gyeonggi,1
HCC_01338,49,5860.0,696.0,1,87.0,3.9,12417.0,8.0,0,38.2,divorced,employed,graduate,Others,1
HCC_01339,70,1332.0,499.0,4,6.0,0.5,552.0,5.0,0,0.7,married,retired,high_school,Seoul,0
HCC_01340,39,6139.0,688.0,4,277.0,1.5,4.0,10.0,1,99.3,single,employed,high_school,Seoul,0
HCC_01341,32,5709.0,498.0,0,234.0,5.6,6352.0,18.0,0,108.2,married,employed,graduate,Others,1
HCC_01342,47,1704.0,519.0,2,10.0,0.9,615.0,6.0,1,12.6,married,unemployed,high_school,Gyeonggi,0
HCC_01343,47,1285.0,577.0,1,9.0,2.3,1792.0,3.0,0,22.8,divorced,self_employed,high_school,Seoul,0
HCC_01344,35,5829.0,611.0,3,233.0,0.3,4317.0,20.0,0,108.2,married,employed,college,Seoul,1
HCC_01345,29,3364.0,622.0,3,15.0,4.4,1468.0,4.0,0,19.2,single,employed,graduate,Seoul,1
HCC_01346,69,2440.0,485.0,2,63.0,6.0,6323.0,6.0,2,48.3,single,retired,college,Seoul,0
HCC_01347,45,3860.0,545.0,2,35.0,2.7,3224.0,6.0,1,20.6,married,unemployed,college,Seoul,1
HCC_01348,33,10571.0,706.0,1,331.0,1.9,9593.0,21.0,1,85.6,divorced,employed,graduate,Seoul,1
HCC_01349,52,5179.0,495.0,1,259.0,0.6,3977.0,15.0,1,125.3,single,employed,college,Busan,1
HCC_01350,40,15522.0,701.0,2,187.0,9.9,28556.0,14.0,0,30.8,married,self_employed,college,Others,1
HCC_01351,38,3694.0,519.0,1,177.0,2.9,1862.0,13.0,1,98.6,divorced,self_employed,college,Others,0
HCC_01352,48,8413.0,601.0,2,369.0,5.3,2575.0,29.0,0,99.1,single,employed,college,Gyeonggi,1
HCC_01353,26,584.0,513.0,2,29.0,6.8,1325.0,2.0,1,119.9,single,unemployed,college,Seoul,0
HCC_01354,46,5624.0,493.0,1,221.0,2.9,2696.0,14.0,1,80.1,married,self_employed,college,Others,1
HCC_01355,64,879.0,488.0,2,38.0,2.4,1979.0,5.0,2,111.7,married,retired,high_school,Others,0
HCC_01356,47,7065.0,582.0,3,222.0,2.2,9951.0,11.0,2,74.2,single,self_employed,college,Gyeonggi,0
HCC_01357,37,4864.0,540.0,2,214.0,5.1,10092.0,19.0,0,85.8,married,self_employed,high_school,Seoul,1
HCC_01358,35,4731.0,673.0,2,44.0,1.3,748.0,5.0,1,16.7,married,employed,college,Seoul,1
HCC_01359,37,6173.0,643.0,3,236.0,4.2,13765.0,19.0,0,88.9,divorced,employed,high_school,Gyeonggi,0
HCC_01360,38,4695.0,570.0,0,155.0,1.6,3462.0,15.0,1,77.9,married,self_employed,college,Gyeonggi,0
HCC_01361,37,7265.0,512.0,2,50.0,11.3,1097.0,6.0,3,30.7,married,self_employed,college,Seoul,0
HCC_01362,52,7551.0,510.0,2,132.0,3.0,14901.0,7.0,1,47.7,married,employed,college,Others,0
HCC_01363,22,1344.0,671.0,1,19.0,9.1,542.0,6.0,0,20.3,single,employed,high_school,Gyeonggi,1
HCC_01364,52,953.0,429.0,5,22.0,4.0,917.0,5.0,2,40.5,married,unemployed,high_school,Gyeonggi,0
HCC_01365,37,8748.0,597.0,2,116.0,0.1,12516.0,14.0,1,29.2,single,self_employed,graduate,Seoul,1
HCC_01366,46,7075.0,600.0,1,119.0,7.4,1165.0,6.0,2,41.6,married,employed,college,Others,0
HCC_01367,28,12222.0,597.0,1,217.0,0.3,5938.0,7.0,1,52.5,single,employed,graduate,Busan,1
HCC_01368,57,4960.0,469.0,5,157.0,11.9,6457.0,11.0,3,93.3,married,employed,college,Seoul,0
HCC_01369,56,1942.0,457.0,3,20.0,2.2,2201.0,3.0,0,42.6,single,retired,high_school,Gyeonggi,0
HCC_01370,53,1825.0,475.0,1,28.0,17.8,2697.0,5.0,2,32.4,single,retired,college,Busan,0
HCC_01371,23,6325.0,506.0,2,118.0,4.7,11927.0,14.0,0,54.1,single,employed,college,Others,0
HCC_01372,51,3568.0,642.0,1,88.0,1.9,2917.0,9.0,1,63.4,married,employed,high_school,Seoul,0
HCC_01373,46,7475.0,574.0,3,44.0,9.2,7412.0,8.0,2,3.2,married,self_employed,graduate,Others,1
HCC_01374,22,3949.0,498.0,2,197.0,1.5,2801.0,10.0,1,100.8,single,employed,high_school,Gyeonggi,1
HCC_01375,41,3783.0,546.0,1,68.0,2.1,3223.0,4.0,1,44.6,married,retired,college,Seoul,0
HCC_01376,46,4091.0,594.0,2,71.0,0.0,504.0,6.0,0,26.7,married,employed,college,Seoul,0
HCC_01377,48,3570.0,508.0,4,106.0,0.5,5352.0,8.0,0,62.7,married,employed,college,Seoul,1
HCC_01378,44,8882.0,661.0,1,385.0,4.8,3496.0,21.0,1,97.2,married,employed,graduate,Seoul,1
HCC_01379,45,600.0,404.0,1,15.0,0.3,1200.0,6.0,1,62.2,married,employed,high_school,Gyeonggi,0
HCC_01380,59,6196.0,656.0,4,96.0,5.3,598.0,8.0,0,50.0,single,self_employed,graduate,Busan,0
HCC_01381,56,1442.0,514.0,1,43.0,3.6,222.0,6.0,1,71.7,married,retired,college,Seoul,1
HCC_01382,22,11486.0,611.0,2,302.0,0.2,7776.0,25.0,1,57.7,single,employed,graduate,Others,0
HCC_01383,38,5937.0,504.0,2,140.0,10.8,6746.0,10.0,0,35.9,married,employed,graduate,Seoul,1
HCC_01384,40,6362.0,465.0,1,313.0,0.2,11782.0,19.0,0,122.7,divorced,self_employed,graduate,Gyeonggi,1
HCC_01385,22,1882.0,385.0,1,94.0,1.8,3687.0,8.0,1,120.2,married,unemployed,college,Others,0
HCC_01386,43,4012.0,479.0,1,120.0,6.1,10318.0,7.0,1,66.3,married,employed,college,Others,1
HCC_01387,56,4493.0,592.0,1,33.0,0.5,3817.0,3.0,2,29.3,married,employed,college,Busan,0
HCC_01388,28,5743.0,481.0,2,173.0,2.9,899.0,15.0,1,60.4,divorced,employed,college,Busan,1
HCC_01389,46,4445.0,421.0,3,213.0,4.6,10559.0,14.0,0,108.2,single,employed,college,Seoul,1
HCC_01390,31,5091.0,478.0,1,237.0,0.6,9835.0,21.0,2,109.3,single,self_employed,college,Seoul,0
HCC_01391,33,2231.0,492.0,3,31.0,1.7,398.0,4.0,0,27.7,married,employed,high_school,Gyeonggi,0
HCC_01392,59,3531.0,508.0,2,45.0,0.3,760.0,6.0,1,36.1,married,employed,graduate,Seoul,0
HCC_01393,35,4874.0,538.0,0,54.0,0.4,5864.0,5.0,1,31.2,married,self_employed,high_school,Gyeonggi,0
HCC_01394,47,8460.0,667.0,2,353.0,0.1,6549.0,15.0,2,110.7,single,employed,graduate,Seoul,1
HCC_01395,22,1447.0,614.0,1,39.0,4.2,2047.0,6.0,1,69.7,married,employed,high_school,Others,0
HCC_01396,64,3052.0,691.0,2,60.0,1.9,1484.0,6.0,0,46.0,single,retired,high_school,Others,0
HCC_01397,49,5502.0,425.0,1,105.0,0.0,14515.0,7.0,1,42.4,single,retired,graduate,Others,0
HCC_01398,39,12322.0,555.0,2,207.0,5.2,15713.0,8.0,0,44.9,single,self_employed,graduate,Busan,1
HCC_01399,48,6250.0,618.0,4,279.0,2.5,11092.0,12.0,0,105.2,married,employed,college,Seoul,1
HCC_01400,25,11011.0,574.0,1,253.0,3.9,3396.0,14.0,0,55.6,married,self_employed,graduate,Seoul,1
HCC_01401,56,10963.0,678.0,4,168.0,0.6,15177.0,16.0,0,41.9,married,employed,college,Busan,1
HCC_01402,38,6407.0,581.0,1,235.0,0.4,13514.0,12.0,1,89.4,married,employed,graduate,Busan,0
HCC_01403,39,2886.0,655.0,1,96.0,2.8,152.0,16.0,0,82.9,married,employed,college,Gyeonggi,0
HCC_01404,36,1665.0,600.0,1,62.0,2.6,2158.0,5.0,0,81.5,married,employed,college,Gyeonggi,1
HCC_01405,35,9889.0,684.0,3,414.0,7.6,5447.0,13.0,1,114.0,married,employed,college,Gyeonggi,0
HCC_01406,50,4093.0,508.0,2,36.0,4.4,5060.0,5.0,1,10.0,married,retired,high_school,Seoul,0
HCC_01407,45,3189.0,524.0,5,14.0,1.3,6641.0,4.0,1,14.9,married,employed,college,Seoul,0
HCC_01408,49,4234.0,518.0,3,27.0,4.2,7491.0,5.0,2,10.4,single,self_employed,college,Gyeonggi,0
HCC_01409,41,4045.0,420.0,2,148.0,0.2,8423.0,11.0,2,98.6,single,self_employed,high_school,Gyeonggi,0
HCC_01410,48,11557.0,733.0,4,543.0,5.5,5221.0,43.0,0,121.6,divorced,employed,graduate,Others,0
HCC_01411,36,2282.0,582.0,4,44.0,4.6,4628.0,4.0,3,46.3,married,employed,college,Gyeonggi,0
HCC_01412,68,690.0,479.0,3,28.0,1.1,1119.0,4.0,0,112.9,divorced,self_employed,high_school,Busan,0
HCC_01413,23,10919.0,714.0,2,410.0,2.1,1644.0,11.0,0,88.2,divorced,employed,college,Others,1
HCC_01414,57,5417.0,504.0,3,265.0,0.7,12113.0,10.0,1,126.2,single,self_employed,high_school,Seoul,0
HCC_01415,58,2737.0,380.0,1,70.0,10.5,433.0,9.0,0,54.1,married,retired,high_school,Busan,0
HCC_01416,31,1746.0,598.0,4,21.0,0.9,121.0,4.0,0,32.9,married,unemployed,college,Gyeonggi,1
HCC_01417,68,4998.0,448.0,5,196.0,2.4,11268.0,10.0,0,84.8,married,employed,high_school,Gyeonggi,0
HCC_01418,53,1286.0,497.0,2,54.0,4.0,44.0,4.0,1,101.0,single,employed,high_school,Seoul,0
HCC_01419,53,3398.0,550.0,1,124.0,0.0,751.0,9.0,1,87.1,single,employed,college,Others,1
HCC_01420,42,2377.0,555.0,1,104.0,2.9,100.0,8.0,2,113.8,married,retired,high_school,Others,0
HCC_01421,39,1080.0,579.0,4,23.0,4.4,2322.0,2.0,0,44.4,married,employed,graduate,Seoul,0
HCC_01422,39,6404.0,611.0,3,229.0,18.5,681.0,17.0,1,116.6,married,employed,graduate,Seoul,0
HCC_01423,46,3959.0,584.0,3,64.0,0.4,3588.0,5.0,0,25.0,married,self_employed,high_school,Seoul,1
HCC_01424,58,5455.0,491.0,4,134.0,1.0,3099.0,8.0,0,61.3,married,self_employed,college,Others,1
HCC_01425,44,3092.0,554.0,2,47.0,1.2,2633.0,4.0,1,39.4,divorced,employed,high_school,Gyeonggi,0
HCC_01426,31,3462.0,414.0,4,39.0,8.9,2789.0,4.0,0,32.4,married,self_employed,college,Seoul,1
HCC_01427,51,709.0,632.0,1,4.0,3.3,1471.0,2.0,1,8.4,married,employed,high_school,Others,1
HCC_01428,53,7914.0,467.0,1,277.0,0.7,16219.0,16.0,1,86.4,married,employed,graduate,Gyeonggi,0
HCC_01429,49,3562.0,508.0,2,158.0,4.7,8146.0,13.0,1,100.8,married,employed,high_school,Gyeonggi,0
HCC_01430,50,2062.0,415.0,1,38.0,0.2,4113.0,5.0,1,63.0,married,employed,college,Gyeonggi,0
HCC_01431,38,2333.0,465.0,2,56.0,1.2,2058.0,7.0,2,51.3,married,retired,high_school,Gyeonggi,0
HCC_01432,30,3572.0,537.0,3,15.0,3.7,1677.0,3.0,0,8.6,married,employed,high_school,Gyeonggi,0
HCC_01433,31,5000.0,508.0,1,115.0,6.2,6845.0,9.0,2,48.6,divorced,self_employed,college,Seoul,1
HCC_01434,22,800.0,600.0,3,14.0,6.3,685.0,4.0,0,34.0,divorced,employed,college,Gyeonggi,1
HCC_01435,44,11189.0,630.0,1,341.0,5.3,16846.0,11.0,0,59.1,married,self_employed,graduate,Others,1
HCC_01436,40,997.0,473.0,3,46.0,5.2,103.0,4.0,3,117.5,married,retired,high_school,Gyeonggi,0
HCC_01437,36,4244.0,532.0,1,116.0,6.2,7674.0,5.0,0,58.9,married,employed,high_school,Others,0
HCC_01438,22,1914.0,617.0,3,67.0,0.6,1357.0,4.0,1,76.0,married,retired,college,Gyeonggi,1
HCC_01439,27,4528.0,618.0,2,165.0,7.1,4948.0,10.0,1,77.8,married,employed,college,Others,1
HCC_01440,55,3960.0,448.0,1,44.0,3.1,10479.0,10.0,2,29.7,married,unemployed,graduate,Seoul,0
HCC_01441,34,9219.0,538.0,1,185.0,3.5,5016.0,13.0,0,48.4,married,employed,graduate,Others,1
HCC_01442,46,12925.0,667.0,1,121.0,2.9,3446.0,12.0,1,22.7,married,self_employed,graduate,Seoul,0
HCC_01443,25,4744.0,576.0,1,116.0,1.0,2437.0,8.0,0,51.1,married,employed,high_school,Seoul,1
HCC_01444,59,3570.0,452.0,1,160.0,2.6,3383.0,20.0,0,111.9,single,retired,college,Seoul,0
HCC_01445,40,576.0,566.0,1,15.0,1.3,762.0,3.0,1,55.9,married,retired,college,Seoul,0
HCC_01446,45,4706.0,476.0,3,118.0,0.3,12215.0,13.0,2,60.9,married,employed,college,Others,1
HCC_01447,69,2716.0,631.0,1,37.0,2.6,5524.0,1.0,1,31.3,single,retired,college,Others,1
HCC_01448,60,3531.0,578.0,1,65.0,3.5,6170.0,5.0,1,27.3,married,retired,high_school,Others,0
HCC_01449,38,4234.0,452.0,1,199.0,0.0,8225.0,12.0,2,133.1,married,employed,college,Seoul,0
HCC_01450,34,8319.0,541.0,2,150.0,3.3,5944.0,12.0,1,49.0,single,employed,graduate,Others,1
HCC_01451,38,6064.0,517.0,2,229.0,0.8,14439.0,10.0,0,92.4,married,employed,college,Busan,1
HCC_01452,48,11332.0,626.0,2,69.0,1.4,14356.0,6.0,1,18.0,married,employed,graduate,Seoul,1
HCC_01453,40,5166.0,535.0,2,52.0,3.5,2124.0,6.0,1,44.7,married,employed,college,Gyeonggi,1
HCC_01454,37,3122.0,440.0,2,58.0,2.8,8070.0,7.0,0,56.0,married,retired,high_school,Busan,0
HCC_01455,59,1238.0,401.0,1,56.0,2.7,1755.0,3.0,1,112.0,married,employed,college,Seoul,1
HCC_01456,40,1264.0,557.0,1,18.0,10.1,489.0,3.0,0,27.1,married,self_employed,high_school,Gyeonggi,0
HCC_01457,69,500.0,528.0,3,19.0,7.1,935.0,3.0,2,85.7,married,retired,college,Busan,1
HCC_01458,43,6439.0,573.0,1,76.0,4.2,3694.0,7.0,0,10.3,single,self_employed,high_school,Seoul,0
HCC_01459,63,8262.0,604.0,3,266.0,7.0,3709.0,22.0,1,73.6,married,self_employed,college,Gyeonggi,0
HCC_01460,46,10452.0,555.0,2,325.0,0.5,6964.0,9.0,1,81.2,married,employed,graduate,Gyeonggi,1
HCC_01461,53,4378.0,558.0,2,143.0,7.2,6289.0,8.0,3,84.7,married,self_employed,college,Busan,0
HCC_01462,33,3068.0,734.0,2,53.0,2.4,1914.0,7.0,0,47.6,married,employed,high_school,Others,0
HCC_01463,31,5197.0,646.0,4,60.0,3.6,490.0,5.0,2,22.6,married,employed,college,Others,0
HCC_01464,47,14142.0,618.0,2,634.0,3.0,12955.0,50.0,1,113.1,married,self_employed,graduate,Gyeonggi,0
HCC_01465,53,9735.0,555.0,2,295.0,4.5,5682.0,18.0,0,81.0,single,employed,college,Gyeonggi,1
HCC_01466,42,5613.0,327.0,4,78.0,2.5,8457.0,9.0,1,11.1,divorced,employed,high_school,Gyeonggi,0
HCC_01467,26,6328.0,649.0,2,146.0,3.1,6694.0,6.0,0,58.4,married,employed,college,Gyeonggi,1
HCC_01468,25,8838.0,651.0,2,64.0,2.7,1586.0,11.0,0,38.2,divorced,employed,college,Seoul,1
HCC_01469,24,1701.0,474.0,1,44.0,14.5,1107.0,4.0,1,59.2,divorced,unemployed,college,Busan,0
HCC_01470,22,3392.0,419.0,1,80.0,1.0,2637.0,8.0,0,31.4,divorced,employed,high_school,Busan,0
HCC_01471,43,3844.0,446.0,3,39.0,2.1,5046.0,5.0,2,16.2,married,retired,graduate,Gyeonggi,0
HCC_01472,55,1259.0,548.0,1,31.0,3.4,2592.0,3.0,0,40.9,married,retired,high_school,Others,1
HCC_01473,41,3797.0,531.0,0,127.0,3.0,2107.0,4.0,0,73.9,single,employed,high_school,Busan,0
HCC_01474,22,2030.0,576.0,0,95.0,0.8,786.0,9.0,1,100.1,married,employed,high_school,Gyeonggi,0
HCC_01475,39,8063.0,588.0,5,293.0,4.3,20.0,22.0,2,96.5,married,employed,college,Seoul,0
HCC_01476,40,3773.0,615.0,2,103.0,2.0,5423.0,12.0,2,73.3,married,retired,college,Seoul,0
HCC_01477,67,3743.0,567.0,2,148.0,0.2,3006.0,10.0,2,98.3,married,retired,high_school,Gyeonggi,0
HCC_01478,24,1427.0,581.0,4,24.0,3.8,2331.0,6.0,2,52.6,single,employed,college,Gyeonggi,0
HCC_01479,37,10254.0,435.0,1,357.0,5.9,19319.0,14.0,1,77.9,married,employed,college,Seoul,1
HCC_01480,62,1569.0,417.0,3,7.0,0.5,194.0,1.0,1,11.4,married,employed,college,Seoul,0
HCC_01481,47,3381.0,505.0,3,25.0,0.3,3664.0,2.0,1,39.7,married,employed,graduate,Seoul,1
HCC_01482,48,3948.0,626.0,2,129.0,2.8,8973.0,9.0,2,84.3,single,employed,college,Others,0
HCC_01483,43,6577.0,716.0,3,85.0,0.1,3923.0,5.0,0,36.8,single,employed,high_school,Others,0
HCC_01484,45,9414.0,581.0,5,336.0,4.8,12154.0,27.0,1,78.0,married,self_employed,graduate,Gyeonggi,1
HCC_01485,51,6602.0,517.0,1,220.0,5.3,9111.0,12.0,0,75.8,married,employed,graduate,Seoul,1
HCC_01486,32,3518.0,379.0,0,25.0,3.5,2605.0,5.0,2,7.0,single,employed,college,Seoul,0
HCC_01487,52,3198.0,601.0,3,71.0,3.4,5976.0,4.0,0,70.1,single,self_employed,graduate,Seoul,1
HCC_01488,25,4582.0,502.0,2,148.0,0.1,44.0,6.0,2,61.9,married,retired,college,Gyeonggi,0
HCC_01489,45,7497.0,812.0,2,276.0,9.5,3360.0,20.0,1,97.5,single,employed,college,Seoul,1
HCC_01490,44,6594.0,507.0,1,274.0,0.7,10104.0,20.0,0,105.5,married,retired,graduate,Seoul,0
HCC_01491,34,8764.0,756.0,3,169.0,3.5,16786.0,9.0,1,30.2,married,employed,graduate,Others,0
HCC_01492,41,500.0,565.0,3,21.0,17.6,12.0,2.0,0,112.2,single,unemployed,college,Gyeonggi,1
HCC_01493,34,2389.0,442.0,4,49.0,2.0,3899.0,6.0,1,46.6,married,employed,college,Others,0
HCC_01494,29,7662.0,595.0,2,34.0,1.7,62.0,7.0,0,0.0,single,self_employed,college,Seoul,0
HCC_01495,37,3432.0,596.0,5,110.0,5.2,5147.0,8.0,1,80.6,married,employed,high_school,Seoul,1
HCC_01496,28,3046.0,512.0,2,46.0,1.1,3230.0,7.0,0,28.0,divorced,retired,graduate,Others,1
HCC_01497,45,1508.0,582.0,2,15.0,1.9,1596.0,2.0,1,21.8,married,retired,college,Gyeonggi,1
HCC_01498,28,7869.0,644.0,2,126.0,1.3,17602.0,12.0,1,33.4,divorced,employed,college,Busan,1
HCC_01499,50,7637.0,624.0,2,322.0,6.9,12255.0,10.0,0,92.4,single,self_employed,college,Others,1
HCC_01500,27,6753.0,566.0,2,311.0,4.1,3274.0,17.0,0,98.6,married,employed,college,Gyeonggi,0
HCC_01501,35,3916.0,445.0,1,189.0,2.3,10584.0,14.0,0,123.8,married,employed,college,Seoul,0
HCC_01502,34,9223.0,586.0,1,166.0,20.0,5748.0,10.0,0,46.4,married,self_employed,graduate,Gyeonggi,1
HCC_01503,57,2479.0,539.0,3,62.0,3.6,4288.0,8.0,3,62.6,divorced,self_employed,college,Seoul,0
HCC_01504,45,5175.0,402.0,0,212.0,0.7,9843.0,12.0,1,94.7,single,employed,college,Seoul,1
HCC_01505,39,800.0,522.0,3,15.0,5.2,1738.0,8.0,1,45.5,married,employed,college,Seoul,1
HCC_01506,47,869.0,501.0,1,19.0,10.8,901.0,3.0,3,45.1,married,retired,college,Others,0
HCC_01507,22,3521.0,431.0,1,53.0,4.6,6709.0,6.0,1,28.6,married,employed,high_school,Busan,0
HCC_01508,41,13153.0,605.0,2,400.0,4.0,19677.0,9.0,1,90.1,married,self_employed,college,Seoul,0
HCC_01509,65,749.0,483.0,1,26.0,1.7,861.0,4.0,2,92.2,married,employed,high_school,Seoul,0
HCC_01510,43,2391.0,678.0,5,45.0,1.3,4914.0,8.0,1,39.6,single,employed,college,Busan,1
HCC_01511,42,8157.0,599.0,5,43.0,7.2,4936.0,4.0,0,0.0,married,employed,graduate,Others,0
HCC_01512,48,9924.0,682.0,2,376.0,1.2,4977.0,19.0,1,73.9,married,employed,college,Seoul,1
HCC_01513,52,6906.0,560.0,2,224.0,0.0,10797.0,13.0,2,71.5,divorced,self_employed,college,Seoul,1
HCC_01514,22,7255.0,423.0,1,103.0,1.5,3802.0,8.0,2,35.2,married,employed,college,Others,0
HCC_01515,22,3492.0,589.0,3,65.0,0.5,7020.0,11.0,1,45.9,married,employed,high_school,Others,0
HCC_01516,44,6557.0,513.0,1,315.0,4.4,5733.0,12.0,2,116.8,married,self_employed,graduate,Others,0
HCC_01517,33,5705.0,530.0,4,189.0,1.3,6102.0,15.0,1,82.9,married,employed,college,Seoul,0
HCC_01518,57,2891.0,445.0,5,91.0,3.0,5346.0,8.0,0,65.2,divorced,employed,high_school,Seoul,1
HCC_01519,38,6305.0,569.0,1,211.0,0.4,13739.0,6.0,2,95.4,single,self_employed,high_school,Gyeonggi,1
HCC_01520,22,2004.0,605.0,2,96.0,12.1,3305.0,2.0,0,113.0,divorced,employed,graduate,Seoul,0
HCC_01521,26,5794.0,633.0,2,114.0,5.1,1274.0,6.0,1,50.2,married,employed,high_school,Others,1
HCC_01522,22,5598.0,683.0,2,95.0,4.4,4228.0,12.0,0,34.2,married,employed,college,Seoul,1
HCC_01523,39,4281.0,681.0,1,92.0,7.2,7186.0,5.0,1,54.7,married,self_employed,high_school,Busan,1
HCC_01524,39,1044.0,347.0,3,43.0,0.1,2754.0,7.0,2,119.6,married,employed,high_school,Others,0
HCC_01525,36,4736.0,452.0,1,46.0,15.7,8093.0,5.0,2,13.4,married,self_employed,graduate,Others,0
HCC_01526,54,6372.0,419.0,4,87.0,1.3,10492.0,8.0,0,21.6,married,employed,high_school,Busan,1
HCC_01527,56,4294.0,593.0,2,63.0,9.0,3931.0,6.0,1,26.6,single,self_employed,high_school,Others,1
HCC_01528,39,6196.0,507.0,2,207.0,2.6,7660.0,17.0,0,76.8,married,employed,college,Seoul,0
HCC_01529,22,5125.0,512.0,4,172.0,1.9,5706.0,16.0,0,75.3,married,self_employed,graduate,Gyeonggi,1
HCC_01530,49,5427.0,537.0,3,115.0,4.6,756.0,13.0,1,40.5,married,employed,college,Seoul,1
HCC_01531,48,1552.0,546.0,2,26.0,9.8,85.0,3.0,3,39.7,married,employed,high_school,Others,1
HCC_01532,45,7762.0,459.0,2,301.0,5.1,12853.0,20.0,3,108.7,married,employed,graduate,Others,1
HCC_01533,53,7391.0,473.0,2,42.0,1.3,10001.0,4.0,1,12.1,single,self_employed,college,Seoul,1
HCC_01534,28,8507.0,585.0,1,323.0,0.9,5062.0,18.0,1,90.2,married,employed,graduate,Seoul,1
HCC_01535,66,4375.0,640.0,4,60.0,1.8,9061.0,9.0,0,36.3,single,employed,graduate,Gyeonggi,1
HCC_01536,30,5342.0,551.0,1,243.0,4.6,2757.0,6.0,0,115.6,married,self_employed,college,Seoul,0
HCC_01537,50,6843.0,505.0,2,158.0,2.8,12415.0,10.0,1,69.1,married,employed,college,Others,1
HCC_01538,22,4971.0,378.0,3,167.0,4.7,11145.0,17.0,2,83.0,married,employed,college,Seoul,0
HCC_01539,30,1674.0,593.0,1,16.0,8.3,3395.0,5.0,1,22.9,married,unemployed,college,Others,0
HCC_01540,60,5642.0,498.0,4,89.0,0.4,12334.0,8.0,0,27.9,divorced,retired,college,Gyeonggi,1
HCC_01541,38,1475.0,423.0,1,54.0,2.8,3226.0,7.0,1,95.3,married,unemployed,graduate,Gyeonggi,0
HCC_01542,52,8201.0,445.0,0,241.0,4.5,10174.0,21.0,0,62.1,married,employed,college,Seoul,1
HCC_01543,44,2613.0,411.0,2,103.0,1.4,4529.0,7.0,2,85.8,married,employed,college,Others,1
HCC_01544,40,8207.0,505.0,2,246.0,16.6,18232.0,23.0,0,73.9,married,self_employed,college,Gyeonggi,1
HCC_01545,58,7270.0,554.0,4,220.0,4.5,7614.0,11.0,1,88.0,single,employed,college,Gyeonggi,1
HCC_01546,39,4858.0,452.0,2,211.0,1.3,8786.0,10.0,1,111.5,married,self_employed,college,Gyeonggi,1
HCC_01547,22,3316.0,548.0,1,78.0,0.8,1325.0,11.0,0,56.1,married,employed,graduate,Others,0
HCC_01548,32,500.0,485.0,1,23.0,13.8,743.0,3.0,1,100.6,married,retired,college,Others,0
HCC_01549,48,3417.0,712.0,1,73.0,4.9,1049.0,5.0,1,66.5,single,self_employed,high_school,Others,1
HCC_01550,46,6816.0,432.0,2,131.0,1.9,12313.0,8.0,0,45.6,single,employed,college,Gyeonggi,1
HCC_01551,23,2806.0,541.0,1,112.0,1.8,2663.0,11.0,1,92.9,divorced,employed,college,Others,0
HCC_01552,33,7752.0,591.0,2,36.0,0.2,4271.0,4.0,3,16.7,married,employed,graduate,Seoul,1
HCC_01553,35,1809.0,436.0,4,22.0,6.5,1780.0,6.0,0,24.7,divorced,employed,college,Busan,1
HCC_01554,37,5653.0,564.0,2,42.0,2.6,9802.0,5.0,0,10.3,divorced,self_employed,college,Gyeonggi,1
HCC_01555,25,2632.0,588.0,2,73.0,5.8,5793.0,7.0,1,60.0,married,employed,college,Gyeonggi,1
HCC_01556,34,5305.0,561.0,1,175.0,1.9,148.0,9.0,1,72.6,single,employed,college,Others,1
HCC_01557,33,3185.0,643.0,3,15.0,2.4,1237.0,2.0,3,0.0,single,employed,high_school,Others,0
HCC_01558,51,3919.0,365.0,1,45.0,1.8,7938.0,4.0,0,15.2,married,self_employed,graduate,Gyeonggi,0
HCC_01559,51,5201.0,485.0,2,94.0,0.1,7780.0,3.0,2,53.1,single,employed,graduate,Gyeonggi,1
HCC_01560,40,3165.0,650.0,1,56.0,0.5,2323.0,4.0,0,49.2,divorced,employed,college,Others,0
HCC_01561,37,1218.0,585.0,1,10.0,1.0,1929.0,5.0,0,11.5,single,retired,college,Others,0
HCC_01562,43,6155.0,605.0,1,74.0,2.9,12757.0,5.0,1,37.7,single,employed,high_school,Others,0
HCC_01563,32,4600.0,645.0,1,198.0,7.0,2741.0,13.0,0,106.4,single,employed,college,Seoul,1
HCC_01564,28,500.0,352.0,4,18.0,1.7,703.0,3.0,0,83.2,single,retired,college,Seoul,0
HCC_01565,30,3942.0,603.0,1,70.0,0.4,196.0,7.0,0,30.4,single,employed,college,Others,0
HCC_01566,34,3212.0,617.0,5,52.0,2.0,7189.0,7.0,0,42.3,married,retired,high_school,Others,0
HCC_01567,28,3597.0,483.0,2,28.0,0.0,7595.0,7.0,1,37.3,married,employed,college,Busan,0
HCC_01568,43,10631.0,817.0,1,214.0,1.2,10557.0,18.0,0,48.5,married,self_employed,college,Busan,1
HCC_01569,50,3358.0,549.0,1,75.0,0.8,8334.0,7.0,0,63.6,divorced,employed,college,Gyeonggi,1
HCC_01570,22,6759.0,392.0,1,308.0,7.9,4191.0,17.0,1,107.2,married,employed,college,Gyeonggi,0
HCC_01571,42,6069.0,591.0,3,232.0,4.6,10918.0,19.0,1,101.0,married,employed,high_school,Others,1
HCC_01572,39,6625.0,509.0,1,173.0,0.0,13163.0,17.0,3,61.2,married,employed,college,Seoul,0
HCC_01573,46,2786.0,621.0,3,29.0,1.2,5458.0,3.0,0,0.9,single,employed,graduate,Busan,0
HCC_01574,41,3144.0,575.0,0,108.0,0.8,5277.0,9.0,3,75.2,married,employed,college,Busan,1
HCC_01575,24,7267.0,525.0,1,342.0,0.7,3532.0,26.0,1,114.3,divorced,self_employed,high_school,Others,0
HCC_01576,26,3488.0,655.0,1,27.0,0.9,730.0,7.0,2,29.4,married,employed,college,Seoul,0
HCC_01577,42,9130.0,666.0,2,393.0,0.8,3735.0,20.0,0,101.8,single,self_employed,college,Busan,0
HCC_01578,54,2433.0,458.0,2,30.0,7.9,5605.0,4.0,1,29.9,married,retired,college,Seoul,0
HCC_01579,22,6732.0,555.0,4,244.0,1.5,6739.0,20.0,1,81.1,married,self_employed,college,Seoul,0
HCC_01580,46,1755.0,559.0,1,22.0,2.2,2379.0,6.0,1,45.7,married,self_employed,high_school,Gyeonggi,1
HCC_01581,56,1393.0,485.0,0,44.0,0.1,93.0,4.0,2,90.8,married,unemployed,college,Seoul,0
HCC_01582,40,3312.0,506.0,3,50.0,5.0,4212.0,3.0,2,29.5,divorced,employed,college,Others,1
HCC_01583,48,8186.0,585.0,2,237.0,5.0,8141.0,21.0,1,54.3,married,employed,graduate,Others,0
HCC_01584,33,2365.0,438.0,3,75.0,1.0,3444.0,8.0,1,58.0,married,retired,high_school,Seoul,0
HCC_01585,40,7655.0,398.0,2,249.0,7.8,8055.0,22.0,1,84.1,single,self_employed,college,Others,0
HCC_01586,22,4915.0,568.0,3,174.0,0.2,914.0,7.0,1,86.3,single,self_employed,college,Gyeonggi,1
HCC_01587,22,1309.0,354.0,1,10.0,5.3,166.0,4.0,2,10.5,divorced,retired,high_school,Busan,0
HCC_01588,53,5957.0,480.0,5,217.0,8.3,14937.0,16.0,1,90.1,married,employed,college,Others,0
HCC_01589,30,2195.0,380.0,1,25.0,6.8,3764.0,5.0,0,15.0,married,employed,high_school,Gyeonggi,1
HCC_01590,36,7069.0,439.0,3,249.0,6.9,12380.0,17.0,3,92.5,married,self_employed,high_school,Seoul,0
HCC_01591,25,5214.0,586.0,1,51.0,15.8,11589.0,7.0,0,19.7,single,employed,college,Seoul,0
HCC_01592,25,4685.0,529.0,3,122.0,3.0,6560.0,11.0,0,51.7,married,employed,college,Gyeonggi,1
HCC_01593,39,7654.0,556.0,3,168.0,1.7,11722.0,15.0,0,49.0,single,self_employed,college,Others,1
HCC_01594,33,4579.0,441.0,3,222.0,1.1,6510.0,6.0,0,112.3,married,self_employed,high_school,Gyeonggi,0
HCC_01595,46,1355.0,461.0,2,45.0,0.2,639.0,6.0,1,83.4,married,employed,college,Gyeonggi,0
HCC_01596,47,3273.0,563.0,2,27.0,2.1,2522.0,7.0,0,31.5,single,self_employed,college,Seoul,1
HCC_01597,45,10995.0,606.0,3,399.0,0.0,23219.0,25.0,0,98.2,single,employed,graduate,Others,1
HCC_01598,44,2698.0,593.0,2,35.0,4.2,2891.0,5.0,0,32.7,married,unemployed,graduate,Seoul,0
HCC_01599,60,1296.0,590.0,2,22.0,3.4,640.0,4.0,0,38.9,single,employed,college,Busan,0
HCC_01600,29,2233.0,502.0,1,48.0,5.7,4800.0,5.0,4,45.9,single,unemployed,college,Busan,0
HCC_01601,41,3076.0,383.0,2,122.0,1.1,761.0,7.0,1,77.5,married,employed,high_school,Seoul,0
HCC_01602,55,3314.0,473.0,1,157.0,7.2,5625.0,19.0,0,113.5,married,employed,college,Seoul,0
HCC_01603,57,2275.0,515.0,2,106.0,1.5,4093.0,3.0,1,103.3,married,self_employed,high_school,Gyeonggi,0
HCC_01604,24,8000.0,518.0,1,96.0,17.7,6231.0,9.0,1,41.0,single,employed,college,Seoul,0
HCC_01605,38,600.0,422.0,2,4.0,4.6,276.0,3.0,1,14.0,married,employed,high_school,Busan,0
HCC_01606,58,2529.0,531.0,3,107.0,0.1,2877.0,8.0,0,109.0,single,retired,graduate,Others,0
HCC_01607,48,6670.0,761.0,2,116.0,0.2,10465.0,3.0,0,36.9,single,self_employed,college,Seoul,0
HCC_01608,44,9446.0,555.0,4,292.0,1.1,20855.0,10.0,0,67.4,married,employed,college,Gyeonggi,0
HCC_01609,39,7917.0,579.0,1,388.0,0.6,15763.0,15.0,0,123.7,single,self_employed,college,Seoul,0
HCC_01610,37,1185.0,407.0,2,15.0,1.0,362.0,4.0,4,33.2,married,unemployed,college,Seoul,0
HCC_01611,45,8041.0,680.0,2,172.0,1.1,4013.0,13.0,0,54.6,single,self_employed,high_school,Others,0
HCC_01612,38,2851.0,598.0,2,125.0,7.6,4229.0,11.0,0,104.3,single,employed,graduate,Others,1
HCC_01613,41,8321.0,648.0,2,283.0,0.2,13610.0,10.0,0,89.5,married,employed,graduate,Others,1
HCC_01614,42,2772.0,637.0,1,131.0,3.5,56.0,12.0,1,119.9,married,retired,high_school,Seoul,1
HCC_01615,33,3297.0,499.0,2,109.0,6.2,1223.0,9.0,0,57.6,single,employed,college,Gyeonggi,1
HCC_01616,48,7244.0,548.0,1,131.0,0.3,1705.0,7.0,0,40.8,single,employed,college,Gyeonggi,1
HCC_01617,70,1739.0,654.0,2,71.0,0.2,1360.0,6.0,0,108.1,divorced,retired,high_school,Others,1
HCC_01618,22,7238.0,623.0,3,282.0,5.0,11600.0,16.0,0,83.3,divorced,employed,college,Busan,0
HCC_01619,45,500.0,327.0,0,23.0,2.1,1389.0,4.0,1,93.5,married,unemployed,high_school,Others,0
HCC_01620,32,4753.0,584.0,2,124.0,3.6,1035.0,13.0,0,61.2,single,employed,high_school,Seoul,1
HCC_01621,48,5140.0,505.0,2,140.0,4.9,6737.0,10.0,1,70.6,married,self_employed,college,Gyeonggi,1
HCC_01622,42,4606.0,618.0,3,88.0,0.5,4056.0,11.0,0,41.2,single,retired,college,Others,1
HCC_01623,51,4002.0,573.0,1,66.0,2.2,3912.0,8.0,3,52.5,single,retired,graduate,Gyeonggi,0
HCC_01624,56,4743.0,408.0,2,236.0,9.8,899.0,22.0,1,137.9,married,retired,college,Busan,1
HCC_01625,44,3198.0,553.0,3,157.0,1.6,2300.0,8.0,0,98.6,married,unemployed,graduate,Gyeonggi,1
HCC_01626,55,5181.0,569.0,2,147.0,9.1,3220.0,12.0,0,64.3,married,employed,college,Others,1
HCC_01627,22,5546.0,585.0,3,266.0,2.5,9680.0,19.0,1,92.3,married,retired,graduate,Seoul,1
HCC_01628,61,4117.0,587.0,1,84.0,1.0,6411.0,9.0,1,55.6,single,retired,college,Others,0
HCC_01629,46,6680.0,686.0,4,288.0,20.0,9470.0,8.0,0,96.7,married,employed,college,Gyeonggi,1
HCC_01630,54,800.0,541.0,1,27.0,4.5,1046.0,1.0,0,76.2,married,employed,college,Gyeonggi,1
HCC_01631,27,4109.0,543.0,1,152.0,19.9,3534.0,6.0,1,100.3,married,employed,graduate,Gyeonggi,1
HCC_01632,32,6720.0,659.0,2,249.0,5.7,3739.0,10.0,0,75.6,married,employed,high_school,Seoul,1
HCC_01633,43,2714.0,707.0,2,90.0,0.1,67.0,11.0,0,63.8,married,self_employed,college,Others,0
HCC_01634,41,10403.0,677.0,2,450.0,1.4,3456.0,35.0,0,81.0,single,employed,graduate,Others,1
HCC_01635,45,7266.0,589.0,1,161.0,1.4,3870.0,10.0,1,65.9,single,employed,college,Others,0
HCC_01636,55,5722.0,592.0,1,247.0,3.1,13487.0,12.0,0,114.0,married,self_employed,graduate,Others,0
HCC_01637,22,800.0,528.0,3,10.0,4.7,1975.0,2.0,0,27.1,single,employed,college,Busan,1
HCC_01638,53,1682.0,518.0,1,22.0,5.2,3311.0,7.0,0,18.6,married,retired,high_school,Gyeonggi,1
HCC_01639,42,10695.0,780.0,3,396.0,2.4,13316.0,33.0,0,97.2,married,employed,college,Others,1
HCC_01640,39,3342.0,473.0,2,129.0,8.9,5932.0,7.0,1,120.2,single,employed,college,Seoul,1
HCC_01641,24,2636.0,619.0,1,120.0,1.8,3739.0,7.0,1,106.9,single,employed,high_school,Others,0
HCC_01642,48,789.0,498.0,3,13.0,0.8,1329.0,2.0,1,27.5,married,unemployed,high_school,Gyeonggi,0
HCC_01643,22,2241.0,404.0,3,15.0,16.1,1372.0,2.0,1,28.5,divorced,unemployed,high_school,Busan,0
HCC_01644,49,6605.0,551.0,3,181.0,2.7,16115.0,18.0,1,54.4,married,employed,graduate,Gyeonggi,1
HCC_01645,24,5313.0,509.0,0,235.0,2.6,10380.0,14.0,3,102.5,married,employed,graduate,Gyeonggi,0
HCC_01646,42,9034.0,637.0,2,440.0,0.1,4922.0,14.0,1,90.5,single,employed,college,Seoul,1
HCC_01647,40,5212.0,559.0,4,227.0,6.2,6645.0,15.0,0,101.5,married,employed,high_school,Gyeonggi,1
HCC_01648,56,1121.0,429.0,2,30.0,3.0,2426.0,3.0,1,51.4,single,unemployed,college,Gyeonggi,0
HCC_01649,39,3295.0,651.0,1,144.0,1.6,6899.0,12.0,0,117.5,married,employed,graduate,Seoul,1
HCC_01650,33,8395.0,671.0,1,117.0,20.0,7276.0,9.0,0,23.7,married,employed,college,Seoul,0
HCC_01651,35,5542.0,682.0,2,257.0,3.6,5994.0,13.0,0,119.1,married,employed,college,Gyeonggi,1
HCC_01652,57,1221.0,531.0,3,37.0,2.1,960.0,10.0,1,71.7,single,employed,high_school,Seoul,0
HCC_01653,48,1407.0,511.0,4,31.0,7.1,1366.0,7.0,2,54.1,single,employed,graduate,Others,0
HCC_01654,37,3658.0,593.0,4,113.0,10.7,2011.0,10.0,1,79.4,single,employed,graduate,Seoul,1
HCC_01655,39,1801.0,472.0,1,72.0,0.5,143.0,6.0,1,95.4,married,employed,high_school,Gyeonggi,0
HCC_01656,23,1080.0,521.0,2,16.0,18.2,1150.0,5.0,0,29.1,divorced,employed,graduate,Seoul,0
HCC_01657,46,2063.0,507.0,1,18.0,16.6,2510.0,3.0,2,12.8,single,employed,high_school,Gyeonggi,1
HCC_01658,22,1321.0,396.0,1,50.0,10.7,2893.0,8.0,0,95.9,married,retired,high_school,Gyeonggi,0
HCC_01659,51,5863.0,569.0,1,280.0,0.6,7544.0,18.0,2,95.6,married,employed,graduate,Busan,1
HCC_01660,43,9732.0,562.0,4,325.0,2.8,7865.0,12.0,0,96.9,single,employed,college,Gyeonggi,0
HCC_01661,70,4833.0,529.0,1,52.0,2.5,5691.0,6.0,0,27.1,single,employed,college,Gyeonggi,0
HCC_01662,28,7888.0,608.0,2,265.0,1.3,14971.0,23.0,1,77.3,married,self_employed,graduate,Seoul,0
HCC_01663,40,5029.0,652.0,2,48.0,1.0,5553.0,4.0,0,25.6,married,retired,graduate,Gyeonggi,1
HCC_01664,63,2024.0,452.0,1,37.0,0.4,3029.0,5.0,0,37.9,married,retired,high_school,Gyeonggi,0
HCC_01665,56,7475.0,548.0,2,42.0,2.2,3238.0,8.0,1,11.7,married,self_employed,college,Busan,1
HCC_01666,33,9628.0,535.0,0,255.0,2.0,186.0,22.0,1,52.2,married,self_employed,graduate,Gyeonggi,0
HCC_01667,44,5806.0,492.0,1,110.0,1.7,14120.0,5.0,0,49.2,married,employed,college,Others,0
HCC_01668,42,5867.0,511.0,2,51.0,20.0,4053.0,6.0,1,20.1,divorced,unemployed,graduate,Gyeonggi,1
HCC_01669,45,8944.0,574.0,3,164.0,2.2,7623.0,15.0,1,45.9,married,self_employed,college,Seoul,1
HCC_01670,33,2097.0,568.0,3,71.0,5.1,593.0,4.0,0,96.1,married,employed,high_school,Seoul,1
HCC_01671,40,4819.0,574.0,3,84.0,3.8,6062.0,9.0,1,33.8,married,employed,high_school,Seoul,0
HCC_01672,22,4753.0,463.0,1,51.0,1.5,9368.0,8.0,1,24.5,married,employed,graduate,Gyeonggi,0
HCC_01673,43,8931.0,693.0,1,260.0,10.4,13566.0,7.0,1,53.4,married,employed,graduate,Others,1
HCC_01674,47,541.0,581.0,2,21.0,0.1,1129.0,2.0,0,98.7,divorced,unemployed,high_school,Others,0
HCC_01675,39,2048.0,448.0,5,86.0,3.0,1587.0,5.0,2,100.6,married,employed,high_school,Gyeonggi,0
HCC_01676,22,9874.0,697.0,1,255.0,4.5,6854.0,6.0,0,62.2,married,self_employed,graduate,Seoul,1
HCC_01677,53,3298.0,559.0,1,121.0,9.5,7904.0,10.0,1,86.5,married,retired,high_school,Others,0
HCC_01678,46,5067.0,538.0,4,215.0,1.5,5840.0,18.0,2,96.1,married,employed,high_school,Seoul,0
HCC_01679,33,10308.0,632.0,4,361.0,4.3,20095.0,13.0,1,109.0,married,employed,graduate,Gyeonggi,0
HCC_01680,38,9990.0,598.0,1,283.0,10.4,14686.0,25.0,0,68.4,married,self_employed,graduate,Others,1
HCC_01681,23,2803.0,572.0,3,19.0,0.1,1245.0,3.0,2,19.2,married,unemployed,graduate,Gyeonggi,0
HCC_01682,29,4241.0,557.0,2,74.0,11.4,10094.0,6.0,1,30.5,divorced,employed,college,Seoul,1
HCC_01683,35,7533.0,548.0,2,142.0,0.2,6120.0,8.0,1,54.1,single,employed,college,Seoul,1
HCC_01684,56,12517.0,463.0,2,279.0,0.5,21481.0,11.0,1,52.3,married,self_employed,graduate,Gyeonggi,1
HCC_01685,34,2938.0,572.0,5,140.0,13.8,1837.0,9.0,0,118.8,married,retired,college,Seoul,1
HCC_01686,49,5208.0,522.0,1,72.0,1.0,7663.0,7.0,1,42.2,divorced,employed,college,Busan,0
HCC_01687,35,12796.0,690.0,3,371.0,5.8,15372.0,14.0,0,68.5,divorced,employed,graduate,Gyeonggi,1
HCC_01688,44,2997.0,569.0,0,149.0,14.1,1926.0,12.0,0,112.5,married,retired,college,Seoul,1
HCC_01689,40,7680.0,549.0,2,250.0,9.1,19000.0,8.0,0,54.8,married,employed,graduate,Seoul,1
HCC_01690,52,5033.0,632.0,2,69.0,0.6,1654.0,3.0,1,29.0,single,employed,high_school,Others,0
HCC_01691,35,7095.0,587.0,3,342.0,0.4,7625.0,22.0,1,108.9,divorced,employed,graduate,Gyeonggi,1
HCC_01692,23,3449.0,548.0,4,68.0,1.6,271.0,4.0,1,35.9,single,employed,college,Busan,1
HCC_01693,25,6445.0,553.0,3,41.0,3.0,10974.0,8.0,0,29.8,married,employed,college,Gyeonggi,1
HCC_01694,35,8388.0,719.0,3,201.0,2.3,8380.0,16.0,0,67.3,married,self_employed,graduate,Seoul,0
HCC_01695,27,10106.0,544.0,1,154.0,5.7,14219.0,9.0,0,18.3,married,employed,college,Gyeonggi,1
HCC_01696,46,7471.0,549.0,5,312.0,15.9,13057.0,26.0,1,101.8,single,employed,college,Gyeonggi,0
HCC_01697,36,4011.0,441.0,2,57.0,5.2,8329.0,6.0,1,25.9,single,employed,college,Gyeonggi,0
HCC_01698,70,5437.0,613.0,2,227.0,7.6,12466.0,6.0,0,103.9,married,retired,graduate,Others,1
HCC_01699,22,8464.0,538.0,2,49.0,0.0,18458.0,6.0,3,5.9,married,employed,graduate,Others,1
HCC_01700,44,10090.0,563.0,1,472.0,9.0,8083.0,27.0,0,106.9,single,self_employed,college,Others,1
HCC_01701,28,3613.0,495.0,2,22.0,3.0,6858.0,7.0,1,24.2,married,self_employed,high_school,Gyeonggi,1
HCC_01702,36,5151.0,557.0,1,243.0,3.2,973.0,27.0,1,121.4,single,self_employed,high_school,Gyeonggi,1
HCC_01703,43,2482.0,425.0,1,19.0,0.9,930.0,7.0,1,33.5,married,unemployed,graduate,Busan,0
HCC_01704,22,2668.0,347.0,4,118.0,13.3,3563.0,9.0,2,104.0,married,unemployed,graduate,Seoul,0
HCC_01705,44,4437.0,581.0,4,188.0,8.5,4972.0,17.0,3,87.1,single,employed,graduate,Others,1
HCC_01706,64,2863.0,360.0,2,90.0,3.3,4170.0,11.0,2,84.7,single,retired,high_school,Others,0
HCC_01707,36,2291.0,591.0,5,13.0,5.9,2632.0,4.0,0,22.9,married,unemployed,college,Seoul,1
HCC_01708,45,11763.0,742.0,2,384.0,6.5,15964.0,12.0,0,84.6,married,employed,graduate,Others,0
HCC_01709,54,7391.0,561.0,1,240.0,0.7,17479.0,15.0,2,70.5,married,employed,graduate,Others,1
HCC_01710,40,3856.0,643.0,4,115.0,6.7,1541.0,5.0,0,60.9,married,self_employed,high_school,Gyeonggi,1
HCC_01711,35,7473.0,573.0,2,247.0,5.6,6555.0,17.0,1,84.7,married,employed,college,Others,0
HCC_01712,22,3031.0,658.0,3,147.0,2.4,514.0,9.0,2,107.5,single,self_employed,high_school,Seoul,1
HCC_01713,49,8212.0,546.0,2,409.0,4.2,4119.0,20.0,1,116.5,single,employed,college,Seoul,1
HCC_01714,40,6155.0,372.0,2,172.0,0.0,17356.0,10.0,0,96.1,divorced,employed,high_school,Seoul,0
HCC_01715,29,6482.0,558.0,1,54.0,11.5,637.0,6.0,1,41.3,single,employed,high_school,Gyeonggi,0
HCC_01716,43,1691.0,654.0,5,17.0,0.3,828.0,7.0,0,32.1,divorced,unemployed,high_school,Gyeonggi,0
HCC_01717,34,5783.0,601.0,1,215.0,4.3,5915.0,8.0,2,82.6,married,employed,graduate,Others,1
HCC_01718,35,6639.0,525.0,2,326.0,9.3,4955.0,27.0,1,110.6,single,self_employed,college,Seoul,1
HCC_01719,49,8708.0,613.0,1,210.0,5.3,11271.0,4.0,1,65.0,single,employed,graduate,Seoul,1
HCC_01720,25,4100.0,619.0,2,36.0,6.1,9592.0,5.0,0,36.0,single,employed,college,Busan,1
HCC_01721,54,10158.0,595.0,1,207.0,0.5,17233.0,8.0,0,43.8,married,self_employed,college,Seoul,0
HCC_01722,25,6950.0,780.0,3,152.0,9.9,5754.0,10.0,0,47.9,married,employed,college,Busan,1
HCC_01723,34,3760.0,496.0,2,187.0,4.6,6697.0,12.0,1,120.2,married,self_employed,college,Gyeonggi,1
HCC_01724,65,5614.0,636.0,1,200.0,1.9,11400.0,13.0,1,71.6,married,retired,college,Others,0
HCC_01725,55,5743.0,618.0,0,55.0,5.8,3109.0,6.0,2,9.4,married,employed,college,Busan,1
HCC_01726,43,3732.0,481.0,1,73.0,0.3,7058.0,5.0,0,35.2,divorced,employed,graduate,Seoul,1
HCC_01727,30,5316.0,519.0,3,34.0,6.2,8362.0,5.0,0,20.8,divorced,self_employed,graduate,Seoul,1
HCC_01728,35,7952.0,661.0,3,271.0,1.8,13293.0,24.0,1,84.5,married,self_employed,high_school,Seoul,0
HCC_01729,42,10062.0,612.0,1,352.0,0.0,2012.0,32.0,1,95.3,married,employed,college,Others,1
HCC_01730,42,6920.0,596.0,2,47.0,3.2,12213.0,7.0,1,0.0,married,self_employed,high_school,Busan,1
HCC_01731,40,6599.0,435.0,1,129.0,4.1,14196.0,10.0,1,31.7,married,employed,high_school,Gyeonggi,0
HCC_01732,41,8542.0,638.0,4,389.0,3.1,13643.0,30.0,0,113.9,married,employed,college,Seoul,1
HCC_01733,39,7926.0,602.0,5,333.0,0.2,3746.0,16.0,1,92.1,single,self_employed,college,Others,1
HCC_01734,24,6323.0,558.0,3,193.0,5.5,2534.0,7.0,2,65.3,married,employed,college,Seoul,0
HCC_01735,35,5908.0,588.0,1,156.0,1.1,10574.0,16.0,1,73.5,divorced,self_employed,high_school,Busan,0
HCC_01736,52,9909.0,566.0,2,492.0,2.9,15840.0,17.0,1,113.6,single,employed,graduate,Others,1
HCC_01737,25,4922.0,502.0,5,183.0,2.5,12568.0,11.0,1,84.9,married,employed,graduate,Seoul,0
HCC_01738,39,8429.0,565.0,1,403.0,3.8,9468.0,22.0,1,112.2,divorced,self_employed,college,Gyeonggi,0
HCC_01739,32,12348.0,586.0,2,92.0,1.3,6875.0,9.0,1,16.0,single,employed,graduate,Seoul,1
HCC_01740,43,3738.0,712.0,4,52.0,0.1,6261.0,5.0,0,40.2,married,employed,high_school,Gyeonggi,0
HCC_01741,37,5424.0,627.0,3,30.0,1.1,9525.0,3.0,0,1.2,divorced,self_employed,college,Others,1
HCC_01742,59,9033.0,513.0,2,397.0,0.8,12153.0,28.0,2,103.6,divorced,employed,graduate,Busan,1
HCC_01743,48,5232.0,715.0,2,188.0,5.2,8470.0,7.0,1,97.9,single,employed,graduate,Others,0
HCC_01744,26,2981.0,495.0,4,37.0,5.4,2417.0,6.0,1,51.1,married,employed,graduate,Gyeonggi,0
HCC_01745,50,4603.0,548.0,1,225.0,1.2,2486.0,7.0,0,103.7,married,retired,college,Seoul,0
HCC_01746,32,5903.0,631.0,4,283.0,3.1,1740.0,8.0,1,118.4,single,employed,graduate,Busan,0
HCC_01747,35,5546.0,398.0,2,80.0,3.8,4517.0,10.0,0,32.7,married,employed,college,Gyeonggi,1
HCC_01748,45,2981.0,511.0,3,101.0,3.2,5030.0,9.0,0,80.3,single,employed,high_school,Seoul,0
HCC_01749,36,6519.0,519.0,4,227.0,16.2,4316.0,17.0,1,75.7,single,employed,high_school,Gyeonggi,1
HCC_01750,52,10304.0,619.0,2,45.0,5.1,21501.0,4.0,1,18.0,married,employed,graduate,Busan,1
HCC_01751,32,5633.0,586.0,1,201.0,14.3,3416.0,14.0,0,92.7,married,self_employed,college,Busan,1
HCC_01752,34,2550.0,519.0,1,36.0,2.7,4472.0,2.0,1,59.1,married,employed,college,Seoul,0
HCC_01753,34,6254.0,553.0,3,284.0,0.2,8229.0,18.0,1,95.8,married,employed,graduate,Others,1
HCC_01754,35,6925.0,654.0,2,295.0,2.0,3358.0,12.0,0,84.8,married,employed,college,Gyeonggi,0
HCC_01755,55,5972.0,584.0,1,273.0,2.9,8078.0,12.0,0,130.3,single,employed,college,Seoul,1
HCC_01756,49,5773.0,561.0,3,224.0,11.6,13658.0,10.0,1,92.6,single,employed,college,Seoul,1
HCC_01757,62,3316.0,545.0,4,39.0,4.4,7859.0,5.0,2,23.7,single,retired,college,Others,0
HCC_01758,69,5492.0,702.0,4,114.0,2.8,3517.0,9.0,1,51.7,married,retired,graduate,Gyeonggi,1
HCC_01759,29,6205.0,576.0,2,227.0,6.3,8149.0,9.0,0,73.9,single,self_employed,college,Gyeonggi,1
HCC_01760,42,6625.0,525.0,5,126.0,1.4,2549.0,7.0,1,49.4,single,employed,college,Seoul,1
HCC_01761,27,1061.0,358.0,3,39.0,1.8,1435.0,5.0,2,87.4,single,unemployed,college,Busan,0
HCC_01762,32,13667.0,522.0,1,268.0,0.8,11231.0,12.0,0,57.8,married,self_employed,college,Others,1
HCC_01763,34,6467.0,527.0,5,80.0,1.6,15304.0,12.0,1,38.3,married,employed,graduate,Seoul,0
HCC_01764,29,4507.0,536.0,2,126.0,0.8,7209.0,8.0,1,76.5,divorced,employed,high_school,Others,1
HCC_01765,29,10737.0,563.0,4,382.0,1.9,4912.0,34.0,1,87.3,married,self_employed,graduate,Seoul,1
HCC_01766,40,4473.0,573.0,3,125.0,2.2,10893.0,12.0,0,83.1,married,employed,college,Seoul,1
HCC_01767,27,4140.0,496.0,2,139.0,5.8,7495.0,7.0,0,86.3,single,employed,high_school,Gyeonggi,1
HCC_01768,52,6313.0,490.0,1,153.0,13.9,2228.0,5.0,0,52.8,married,self_employed,college,Busan,0
HCC_01769,30,3215.0,581.0,0,128.0,2.3,6267.0,5.0,0,87.5,single,employed,college,Seoul,0
HCC_01770,70,3628.0,646.0,1,123.0,9.5,4669.0,7.0,0,74.4,married,retired,college,Gyeonggi,1
HCC_01771,36,1859.0,430.0,2,57.0,10.9,2039.0,3.0,1,79.5,married,employed,graduate,Seoul,1
HCC_01772,42,9882.0,618.0,3,238.0,0.5,4586.0,7.0,1,44.5,married,employed,college,Gyeonggi,1
HCC_01773,26,5612.0,404.0,0,161.0,9.1,4355.0,5.0,0,70.4,single,employed,high_school,Busan,1
HCC_01774,62,3904.0,421.0,1,25.0,0.2,1801.0,4.0,1,7.0,married,retired,college,Others,0
HCC_01775,55,637.0,459.0,2,22.0,1.6,1372.0,4.0,0,70.4,married,retired,college,Gyeonggi,1
HCC_01776,45,4046.0,631.0,1,55.0,2.8,2582.0,6.0,2,21.7,married,self_employed,college,Busan,0
HCC_01777,25,4240.0,480.0,1,185.0,0.0,5261.0,18.0,0,104.5,married,unemployed,graduate,Gyeonggi,0
HCC_01778,44,15878.0,593.0,1,657.0,4.4,37100.0,31.0,1,106.9,married,employed,college,Seoul,1
HCC_01779,28,6365.0,567.0,2,181.0,1.4,15611.0,11.0,0,61.5,single,employed,high_school,Seoul,1
HCC_01780,59,8092.0,584.0,2,348.0,2.9,15572.0,19.0,0,82.5,married,employed,college,Others,1
HCC_01781,51,5109.0,488.0,3,178.0,3.1,10710.0,9.0,2,115.2,married,employed,high_school,Seoul,0
HCC_01782,43,1860.0,677.0,1,20.0,0.8,3947.0,2.0,1,37.0,single,retired,college,Others,0
HCC_01783,22,5991.0,539.0,1,228.0,2.1,12039.0,15.0,1,100.7,married,employed,high_school,Seoul,0
HCC_01784,30,2747.0,537.0,3,137.0,1.2,3129.0,7.0,0,136.0,divorced,employed,college,Others,1
HCC_01785,50,3840.0,506.0,5,23.0,14.8,599.0,3.0,0,15.3,married,self_employed,graduate,Seoul,1
HCC_01786,56,1274.0,548.0,1,20.0,1.6,665.0,3.0,0,36.3,married,retired,college,Others,1
HCC_01787,55,7939.0,678.0,3,251.0,2.0,7920.0,23.0,0,89.4,married,employed,college,Busan,1
HCC_01788,22,6160.0,695.0,3,143.0,4.1,3613.0,9.0,2,69.2,married,self_employed,college,Seoul,1
HCC_01789,45,6615.0,505.0,4,221.0,2.8,5640.0,15.0,1,86.3,married,self_employed,college,Busan,0
HCC_01790,54,3004.0,618.0,2,93.0,5.7,418.0,9.0,0,83.1,single,retired,college,Gyeonggi,0
HCC_01791,22,2014.0,564.0,1,81.0,1.6,2749.0,7.0,0,84.1,married,employed,high_school,Seoul,0
HCC_01792,41,5161.0,630.0,1,38.0,10.9,4246.0,8.0,0,15.1,married,employed,graduate,Seoul,1
HCC_01793,45,3949.0,532.0,3,96.0,7.2,2592.0,8.0,0,75.4,single,employed,college,Busan,0
HCC_01794,38,695.0,492.0,3,30.0,6.2,1110.0,3.0,1,111.6,married,unemployed,college,Busan,0
HCC_01795,22,1749.0,592.0,2,36.0,5.0,1170.0,11.0,3,34.8,single,retired,high_school,Seoul,0
HCC_01796,38,2797.0,604.0,1,76.0,2.0,3186.0,3.0,1,59.9,married,employed,college,Others,1
HCC_01797,38,6944.0,695.0,1,36.0,0.4,3781.0,9.0,0,27.9,married,employed,college,Seoul,0
HCC_01798,40,7152.0,587.0,2,103.0,0.2,11807.0,9.0,0,39.1,married,employed,college,Seoul,1
HCC_01799,35,2606.0,518.0,4,66.0,2.8,5707.0,5.0,1,62.6,married,self_employed,college,Gyeonggi,0
HCC_01800,36,4758.0,351.0,1,107.0,2.8,1127.0,7.0,0,56.1,divorced,employed,college,Seoul,0
HCC_01801,41,13689.0,508.0,2,505.0,2.9,29000.0,39.0,2,87.7,married,employed,graduate,Seoul,1
HCC_01802,47,1440.0,483.0,2,46.0,7.0,3230.0,7.0,1,71.4,married,unemployed,graduate,Gyeonggi,0
HCC_01803,38,4925.0,461.0,4,219.0,5.3,12727.0,8.0,1,98.4,married,employed,high_school,Seoul,1
HCC_01804,37,4323.0,608.0,3,187.0,1.1,8532.0,6.0,1,113.9,single,employed,high_school,Seoul,0
HCC_01805,43,11113.0,506.0,1,169.0,5.1,15887.0,17.0,0,38.9,single,employed,graduate,Busan,1
HCC_01806,22,8422.0,544.0,2,42.0,4.1,1486.0,6.0,0,19.0,married,employed,graduate,Gyeonggi,1
HCC_01807,47,6865.0,532.0,3,297.0,2.2,1296.0,22.0,1,109.3,single,self_employed,graduate,Others,0
HCC_01808,41,4250.0,639.0,4,82.0,2.2,1941.0,6.0,0,60.4,married,employed,high_school,Gyeonggi,0
HCC_01809,42,5703.0,508.0,2,114.0,2.3,6589.0,10.0,0,52.5,married,employed,college,Gyeonggi,0
HCC_01810,53,3953.0,576.0,1,45.0,0.0,9246.0,4.0,2,35.6,married,employed,high_school,Seoul,1
HCC_01811,22,2973.0,545.0,2,107.0,5.1,1309.0,11.0,2,88.1,single,employed,graduate,Others,1
HCC_01812,22,8608.0,658.0,2,146.0,8.4,10593.0,10.0,0,31.2,married,employed,college,Seoul,1
HCC_01813,45,9391.0,662.0,1,115.0,1.2,21333.0,16.0,2,27.1,married,self_employed,college,Seoul,0
HCC_01814,41,2890.0,526.0,5,79.0,7.9,101.0,5.0,0,71.5,married,employed,college,Others,0
HCC_01815,44,4748.0,412.0,1,183.0,2.3,619.0,17.0,2,99.3,single,employed,college,Busan,0
HCC_01816,36,4937.0,531.0,4,82.0,20.0,3382.0,6.0,1,54.4,married,employed,college,Gyeonggi,1
HCC_01817,49,1957.0,518.0,2,73.0,2.6,1130.0,7.0,1,84.9,single,employed,high_school,Seoul,1
HCC_01818,53,833.0,531.0,0,21.0,16.2,1054.0,5.0,1,62.8,married,employed,college,Seoul,1
HCC_01819,47,2103.0,462.0,2,48.0,7.4,2366.0,5.0,0,53.5,married,retired,college,Gyeonggi,0
HCC_01820,38,4609.0,637.0,2,95.0,0.6,6257.0,8.0,2,65.7,divorced,employed,college,Busan,1
HCC_01821,22,1897.0,520.0,3,21.0,2.4,714.0,3.0,0,30.3,married,employed,college,Gyeonggi,0
HCC_01822,51,8022.0,507.0,2,156.0,4.1,14228.0,16.0,3,50.6,married,employed,graduate,Seoul,0
HCC_01823,56,4624.0,510.0,1,206.0,11.8,2561.0,13.0,0,106.6,single,retired,college,Seoul,1
HCC_01824,49,5704.0,711.0,4,50.0,1.6,5615.0,5.0,0,18.8,married,employed,high_school,Gyeonggi,0
HCC_01825,31,2138.0,575.0,2,103.0,2.4,175.0,7.0,0,101.1,married,retired,high_school,Busan,0
HCC_01826,50,899.0,593.0,1,8.0,5.0,1732.0,1.0,0,8.7,married,employed,college,Seoul,1
HCC_01827,52,4009.0,457.0,4,83.0,0.2,6753.0,9.0,1,51.5,single,retired,college,Seoul,0
HCC_01828,60,2420.0,469.0,1,77.0,8.8,1345.0,8.0,1,76.9,single,retired,high_school,Seoul,0
HCC_01829,31,4921.0,495.0,1,209.0,2.9,7729.0,10.0,2,103.8,single,employed,high_school,Seoul,0
HCC_01830,39,7755.0,592.0,2,83.0,0.3,8188.0,6.0,1,35.1,divorced,employed,high_school,Gyeonggi,1
HCC_01831,50,3438.0,520.0,2,37.0,1.0,7272.0,7.0,1,26.8,married,employed,college,Seoul,1
HCC_01832,42,500.0,466.0,2,16.0,11.0,1312.0,3.0,1,73.3,single,unemployed,college,Busan,1
HCC_01833,28,752.0,478.0,4,13.0,1.2,248.0,8.0,1,39.4,divorced,unemployed,high_school,Others,0
HCC_01834,46,6715.0,504.0,1,226.0,3.9,8530.0,14.0,2,83.2,single,employed,college,Others,1
HCC_01835,48,5567.0,541.0,5,233.0,1.1,3617.0,16.0,0,96.6,married,employed,college,Others,0
HCC_01836,43,2461.0,614.0,0,19.0,4.0,4376.0,4.0,0,29.2,married,employed,college,Seoul,1
HCC_01837,44,1463.0,394.0,1,63.0,2.2,142.0,10.0,1,103.2,divorced,employed,high_school,Seoul,0
HCC_01838,38,7162.0,599.0,1,42.0,3.0,9368.0,6.0,0,16.6,married,self_employed,graduate,Seoul,1
HCC_01839,59,3219.0,643.0,1,146.0,7.3,6384.0,13.0,1,100.7,married,employed,graduate,Busan,1
HCC_01840,31,6802.0,553.0,2,332.0,10.7,6604.0,27.0,0,127.8,divorced,employed,college,Seoul,1
HCC_01841,34,1174.0,469.0,3,41.0,1.6,2619.0,3.0,2,98.2,single,unemployed,high_school,Gyeonggi,0
HCC_01842,42,4522.0,619.0,3,223.0,0.2,1569.0,17.0,0,104.7,divorced,self_employed,college,Seoul,0
HCC_01843,52,1487.0,436.0,3,62.0,6.8,3725.0,4.0,0,104.1,married,retired,high_school,Seoul,0
HCC_01844,24,8313.0,581.0,0,52.0,12.8,16040.0,5.0,0,13.9,divorced,employed,graduate,Busan,1
HCC_01845,26,1472.0,432.0,3,6.0,3.6,1575.0,2.0,1,12.6,single,unemployed,high_school,Busan,0
HCC_01846,22,8107.0,431.0,1,42.0,1.8,2900.0,1.0,2,17.0,single,employed,graduate,Gyeonggi,0
HCC_01847,42,5950.0,547.0,3,148.0,5.4,7760.0,13.0,2,37.3,married,employed,college,Others,0
HCC_01848,28,5320.0,452.0,3,174.0,4.3,9616.0,10.0,1,86.1,married,employed,college,Seoul,1
HCC_01849,37,1378.0,513.0,1,36.0,0.6,457.0,7.0,0,73.8,married,unemployed,graduate,Seoul,0
HCC_01850,49,2756.0,617.0,2,97.0,1.9,6085.0,10.0,1,96.7,divorced,employed,high_school,Gyeonggi,0
HCC_01851,34,2133.0,670.0,4,53.0,4.4,3677.0,3.0,1,50.2,married,unemployed,graduate,Busan,1
HCC_01852,44,9197.0,599.0,1,56.0,5.8,21023.0,7.0,1,14.3,married,self_employed,high_school,Gyeonggi,1
HCC_01853,38,3304.0,615.0,3,48.0,6.9,2343.0,5.0,0,29.5,married,self_employed,graduate,Seoul,1
HCC_01854,50,5120.0,583.0,4,254.0,1.9,5401.0,12.0,1,99.9,single,self_employed,college,Others,1
HCC_01855,47,2370.0,493.0,1,47.0,6.1,1488.0,5.0,0,41.4,single,retired,high_school,Seoul,0
HCC_01856,33,6401.0,410.0,1,122.0,6.0,4872.0,9.0,0,34.9,single,employed,graduate,Gyeonggi,1
HCC_01857,39,6139.0,692.0,2,69.0,0.3,1976.0,11.0,2,30.3,married,employed,high_school,Gyeonggi,0
HCC_01858,54,1241.0,428.0,3,61.0,0.0,426.0,10.0,0,101.7,married,unemployed,high_school,Others,0
HCC_01859,46,6633.0,677.0,2,98.0,2.3,9993.0,9.0,0,25.7,married,employed,graduate,Busan,1
HCC_01860,25,7537.0,618.0,2,255.0,4.5,2796.0,17.0,0,76.0,married,employed,college,Others,0
HCC_01861,49,15567.0,578.0,1,95.0,1.6,5077.0,9.0,0,22.3,married,self_employed,graduate,Seoul,0
HCC_01862,28,9019.0,615.0,5,65.0,2.4,11427.0,8.0,2,45.1,married,employed,college,Gyeonggi,0
HCC_01863,58,2837.0,699.0,4,105.0,2.7,4398.0,8.0,0,91.9,divorced,retired,college,Others,1
HCC_01864,54,5376.0,677.0,2,179.0,0.2,9394.0,4.0,0,69.6,married,employed,college,Gyeonggi,0
HCC_01865,45,1474.0,474.0,5,52.0,4.3,2268.0,4.0,2,77.9,married,unemployed,high_school,Gyeonggi,0
HCC_01866,43,7921.0,522.0,2,117.0,2.6,4081.0,5.0,0,42.0,married,employed,graduate,Others,1
HCC_01867,39,2917.0,537.0,4,144.0,0.9,4224.0,10.0,0,105.0,married,self_employed,high_school,Seoul,1
HCC_01868,50,4313.0,530.0,1,128.0,1.9,6856.0,11.0,0,82.2,married,retired,college,Gyeonggi,0
HCC_01869,37,6017.0,656.0,1,292.0,20.0,3553.0,18.0,0,119.2,married,employed,college,Others,1
HCC_01870,44,5388.0,613.0,4,63.0,11.2,1848.0,4.0,0,26.8,married,employed,college,Others,1
HCC_01871,52,2322.0,388.0,2,53.0,11.7,6070.0,5.0,1,37.9,married,employed,college,Others,0
HCC_01872,35,7635.0,613.0,1,149.0,3.8,1739.0,13.0,0,56.0,married,employed,graduate,Others,1
HCC_01873,34,1080.0,496.0,3,42.0,1.9,781.0,7.0,1,85.7,married,employed,graduate,Seoul,0
HCC_01874,27,5462.0,558.0,2,210.0,1.6,3140.0,19.0,2,93.8,married,employed,graduate,Others,1
HCC_01875,29,1432.0,534.0,1,38.0,0.0,3234.0,5.0,0,62.1,married,unemployed,college,Gyeonggi,0
HCC_01876,22,6217.0,658.0,1,31.0,7.3,7128.0,5.0,0,0.0,single,employed,college,Busan,1
HCC_01877,50,8797.0,666.0,2,107.0,0.4,19085.0,11.0,0,26.9,married,self_employed,high_school,Gyeonggi,1
HCC_01878,63,3811.0,478.0,1,25.0,2.4,8345.0,5.0,0,3.6,married,retired,college,Others,1
HCC_01879,59,9121.0,587.0,1,392.0,9.5,16703.0,17.0,0,96.6,divorced,employed,college,Gyeonggi,1
HCC_01880,22,7113.0,535.0,2,124.0,2.6,3181.0,13.0,1,46.2,single,employed,college,Others,1
HCC_01881,50,3429.0,400.0,3,33.0,0.1,3306.0,5.0,0,30.1,married,retired,high_school,Seoul,0
HCC_01882,59,15747.0,649.0,2,321.0,8.5,29734.0,12.0,0,48.7,married,self_employed,graduate,Seoul,1
HCC_01883,36,4955.0,697.0,1,38.0,0.5,10751.0,5.0,0,9.6,married,employed,graduate,Gyeonggi,1
HCC_01884,43,5445.0,417.0,2,267.0,4.2,13222.0,8.0,2,111.2,single,self_employed,graduate,Seoul,1
HCC_01885,22,5379.0,552.0,1,100.0,0.9,12733.0,11.0,0,38.0,divorced,employed,high_school,Busan,1
HCC_01886,45,7413.0,570.0,1,348.0,2.2,11705.0,20.0,1,91.3,married,employed,graduate,Seoul,0
HCC_01887,29,4538.0,568.0,1,161.0,1.5,5399.0,7.0,1,85.9,married,employed,high_school,Gyeonggi,1
HCC_01888,44,4878.0,472.0,2,147.0,2.5,6669.0,15.0,1,55.7,married,employed,college,Seoul,0
HCC_01889,23,3007.0,416.0,1,78.0,0.7,3816.0,6.0,1,63.0,single,employed,high_school,Seoul,0
HCC_01890,48,3343.0,423.0,2,119.0,1.8,1426.0,7.0,0,70.8,married,unemployed,college,Gyeonggi,1
HCC_01891,54,2750.0,634.0,2,98.0,3.1,1961.0,10.0,1,73.5,single,employed,college,Seoul,1
HCC_01892,32,5412.0,476.0,3,25.0,1.9,1295.0,5.0,1,17.8,married,employed,high_school,Seoul,1
HCC_01893,28,6811.0,528.0,3,312.0,0.7,1534.0,18.0,1,110.2,married,employed,college,Seoul,0
HCC_01894,22,1785.0,686.0,4,38.0,8.4,1240.0,5.0,0,32.2,married,self_employed,college,Seoul,1
HCC_01895,38,5314.0,494.0,2,108.0,10.3,9246.0,7.0,1,43.2,single,self_employed,graduate,Gyeonggi,0
HCC_01896,35,2114.0,549.0,1,48.0,10.9,3246.0,6.0,1,57.1,single,retired,college,Seoul,0
HCC_01897,23,6911.0,654.0,1,246.0,1.0,8862.0,19.0,0,79.2,single,employed,college,Gyeonggi,1
HCC_01898,47,3952.0,621.0,1,85.0,2.5,6979.0,7.0,1,48.2,single,self_employed,high_school,Busan,0
HCC_01899,36,7136.0,465.0,1,152.0,9.9,8054.0,10.0,0,53.6,married,employed,graduate,Gyeonggi,1
HCC_01900,29,1392.0,457.0,1,10.0,20.0,1653.0,4.0,0,17.7,single,employed,high_school,Gyeonggi,0
HCC_01901,35,11315.0,637.0,1,263.0,0.5,13634.0,22.0,0,45.9,divorced,employed,college,Seoul,1
HCC_01902,54,2342.0,678.0,3,26.0,4.0,350.0,1.0,1,26.9,single,retired,high_school,Others,0
HCC_01903,49,6748.0,507.0,2,293.0,0.7,10151.0,17.0,1,101.3,single,employed,college,Gyeonggi,1
HCC_01904,40,4771.0,508.0,1,93.0,4.2,9249.0,10.0,2,64.0,married,self_employed,college,Seoul,0
HCC_01905,49,3868.0,572.0,2,186.0,2.0,2505.0,19.0,1,114.4,single,employed,college,Others,1
HCC_01906,28,10282.0,652.0,1,365.0,10.7,20180.0,14.0,1,86.5,married,employed,college,Busan,1
HCC_01907,42,500.0,559.0,2,19.0,0.3,330.0,7.0,2,93.8,divorced,retired,college,Gyeonggi,0
HCC_01908,43,7126.0,504.0,2,339.0,1.6,9479.0,14.0,0,111.0,divorced,self_employed,college,Others,1
HCC_01909,36,1853.0,476.0,1,28.0,3.4,4291.0,2.0,2,29.1,married,employed,high_school,Seoul,0
HCC_01910,47,5161.0,569.0,1,156.0,1.8,9379.0,7.0,0,77.1,single,self_employed,college,Others,1
HCC_01911,32,3905.0,640.0,5,24.0,2.7,5219.0,3.0,0,19.4,married,employed,college,Busan,0
HCC_01912,48,3490.0,516.0,2,31.0,0.8,5581.0,9.0,3,42.1,divorced,self_employed,college,Gyeonggi,0
HCC_01913,48,4191.0,540.0,2,88.0,6.8,1150.0,12.0,0,57.8,divorced,employed,high_school,Seoul,0
HCC_01914,22,800.0,426.0,0,28.0,7.2,1537.0,3.0,3,91.6,single,employed,college,Seoul,0
HCC_01915,56,4711.0,696.0,1,199.0,0.3,6365.0,10.0,1,108.6,married,employed,college,Others,1
HCC_01916,22,3956.0,552.0,1,63.0,4.5,835.0,4.0,2,31.3,married,employed,high_school,Seoul,0
HCC_01917,34,1576.0,602.0,5,61.0,2.9,469.0,5.0,1,80.3,single,employed,high_school,Seoul,0
HCC_01918,54,9283.0,595.0,1,134.0,2.3,21723.0,5.0,1,24.6,married,employed,college,Busan,0
HCC_01919,38,2208.0,529.0,1,10.0,5.0,1000.0,4.0,1,17.7,single,retired,college,Busan,0
HCC_01920,24,4906.0,429.0,5,33.0,9.6,12050.0,2.0,1,30.4,married,employed,college,Seoul,0
HCC_01921,28,3015.0,358.0,2,93.0,3.7,2398.0,10.0,2,81.4,single,employed,high_school,Others,0
HCC_01922,54,7150.0,672.0,1,193.0,0.5,6390.0,11.0,0,63.1,married,employed,graduate,Gyeonggi,0
HCC_01923,22,8770.0,594.0,2,145.0,0.2,11750.0,11.0,1,56.4,single,employed,college,Others,0
HCC_01924,55,11683.0,633.0,2,52.0,3.8,17066.0,8.0,3,6.2,married,employed,college,Seoul,1
HCC_01925,41,9942.0,499.0,4,300.0,3.1,12877.0,26.0,1,60.9,single,employed,graduate,Seoul,1
HCC_01926,27,9453.0,522.0,1,394.0,1.5,8419.0,16.0,2,102.6,divorced,self_employed,college,Busan,1
HCC_01927,35,7343.0,658.0,3,54.0,1.1,8364.0,4.0,0,30.6,single,employed,high_school,Seoul,0
HCC_01928,29,3367.0,673.0,1,128.0,2.1,5318.0,6.0,0,82.8,married,retired,college,Gyeonggi,0
HCC_01929,52,12725.0,578.0,3,423.0,0.6,12331.0,30.0,1,62.7,single,employed,graduate,Seoul,0
HCC_01930,50,11614.0,670.0,3,304.0,1.9,14311.0,10.0,0,63.2,single,self_employed,graduate,Others,1
HCC_01931,22,4395.0,559.0,3,28.0,1.0,4136.0,3.0,1,23.0,single,employed,high_school,Others,1
HCC_01932,37,9899.0,589.0,3,460.0,0.8,7910.0,31.0,0,81.9,single,self_employed,graduate,Others,1
HCC_01933,31,500.0,653.0,3,13.0,1.6,343.0,5.0,0,72.2,single,unemployed,college,Others,0
HCC_01934,57,4673.0,510.0,1,105.0,0.5,2700.0,11.0,2,40.3,married,employed,high_school,Others,0
HCC_01935,25,1641.0,616.0,1,72.0,13.1,2956.0,5.0,1,112.5,married,employed,college,Gyeonggi,0
HCC_01936,61,1652.0,547.0,1,71.0,1.1,4073.0,7.0,1,83.2,single,self_employed,college,Gyeonggi,1
HCC_01937,41,5982.0,558.0,2,224.0,3.3,431.0,9.0,0,75.1,married,employed,college,Others,0
HCC_01938,28,2016.0,630.0,1,85.0,14.2,925.0,5.0,2,107.4,married,retired,graduate,Others,0
HCC_01939,33,5482.0,578.0,3,54.0,2.0,12919.0,4.0,2,35.8,single,employed,college,Others,0
HCC_01940,32,6723.0,560.0,3,262.0,15.9,5698.0,13.0,1,93.4,married,self_employed,college,Others,0
HCC_01941,26,3277.0,643.0,5,63.0,13.9,2950.0,8.0,0,70.1,single,retired,college,Seoul,0
HCC_01942,43,850.0,608.0,2,37.0,6.2,1343.0,5.0,3,94.2,single,unemployed,high_school,Others,0
HCC_01943,27,2711.0,623.0,3,57.0,0.1,2251.0,3.0,2,40.1,married,unemployed,college,Others,0
HCC_01944,22,7124.0,300.0,3,47.0,1.4,10530.0,5.0,1,12.8,divorced,employed,graduate,Busan,0
HCC_01945,37,6603.0,601.0,5,153.0,6.6,14262.0,8.0,1,52.1,divorced,employed,college,Others,0
HCC_01946,22,1882.0,536.0,3,73.0,1.5,2687.0,8.0,1,95.9,divorced,employed,high_school,Gyeonggi,0
HCC_01947,32,5054.0,548.0,1,137.0,0.5,8440.0,8.0,0,57.6,married,employed,college,Others,1
HCC_01948,31,11128.0,660.0,0,436.0,0.4,5508.0,18.0,1,99.7,single,employed,graduate,Seoul,0
HCC_01949,31,10699.0,628.0,5,62.0,2.3,6557.0,12.0,1,19.3,married,employed,graduate,Others,1
HCC_01950,66,1929.0,574.0,3,24.0,2.7,4217.0,4.0,1,46.0,single,retired,college,Seoul,0
HCC_01951,42,4136.0,520.0,3,124.0,1.7,9716.0,15.0,2,67.0,single,employed,college,Seoul,0
HCC_01952,44,3028.0,650.0,3,66.0,5.3,5620.0,4.0,0,55.7,single,employed,college,Seoul,1
HCC_01953,22,5210.0,614.0,3,184.0,9.2,1508.0,18.0,2,90.8,married,employed,graduate,Gyeonggi,0
HCC_01954,34,2703.0,570.0,3,131.0,1.0,5443.0,14.0,0,116.2,married,employed,graduate,Seoul,0
HCC_01955,44,6959.0,609.0,4,239.0,3.2,319.0,21.0,2,80.3,single,employed,graduate,Others,0
HCC_01956,29,8145.0,674.0,4,190.0,0.5,10942.0,9.0,0,35.3,married,self_employed,college,Gyeonggi,1
HCC_01957,52,929.0,591.0,1,27.0,13.1,1517.0,3.0,0,70.6,married,unemployed,high_school,Others,0
HCC_01958,27,5273.0,544.0,0,243.0,6.6,5648.0,6.0,1,116.6,married,employed,college,Seoul,0
HCC_01959,38,3712.0,616.0,0,130.0,7.6,4212.0,9.0,0,83.5,single,employed,high_school,Seoul,0
HCC_01960,34,6103.0,575.0,2,250.0,9.2,11092.0,7.0,0,90.5,married,employed,high_school,Others,1
HCC_01961,43,3971.0,693.0,3,71.0,1.7,7868.0,4.0,1,26.1,single,employed,college,Busan,0
HCC_01962,34,4062.0,628.0,3,155.0,3.0,1803.0,12.0,0,96.1,married,employed,college,Gyeonggi,1
HCC_01963,38,2513.0,475.0,2,27.0,11.1,922.0,5.0,2,26.1,single,retired,graduate,Others,0
HCC_01964,39,3586.0,722.0,1,138.0,7.1,4871.0,9.0,0,106.3,single,employed,graduate,Others,1
HCC_01965,33,9211.0,424.0,2,411.0,8.1,5849.0,29.0,1,92.6,married,employed,graduate,Gyeonggi,1
HCC_01966,47,8014.0,631.0,3,364.0,0.9,3639.0,14.0,0,104.3,single,self_employed,graduate,Others,1
HCC_01967,44,5637.0,501.0,2,54.0,0.2,2980.0,8.0,1,9.8,single,employed,college,Busan,0
HCC_01968,40,6515.0,716.0,1,275.0,0.7,2780.0,12.0,0,111.6,divorced,employed,high_school,Busan,1
HCC_01969,36,8830.0,609.0,1,81.0,0.8,10035.0,9.0,0,34.4,single,employed,college,Gyeonggi,0
HCC_01970,51,571.0,442.0,2,15.0,5.2,1496.0,3.0,1,82.3,married,retired,high_school,Seoul,1
HCC_01971,39,5340.0,532.0,2,189.0,9.2,11214.0,7.0,0,90.2,married,employed,high_school,Seoul,1
HCC_01972,38,5230.0,495.0,3,138.0,2.1,7417.0,11.0,1,71.2,single,self_employed,high_school,Others,0
HCC_01973,43,6747.0,543.0,4,133.0,2.3,1377.0,12.0,1,51.7,married,self_employed,graduate,Busan,0
HCC_01974,62,7267.0,546.0,1,258.0,0.2,12265.0,13.0,0,90.9,single,self_employed,college,Seoul,1
HCC_01975,25,1838.0,458.0,1,63.0,6.2,2226.0,5.0,0,82.8,married,self_employed,graduate,Gyeonggi,0
HCC_01976,51,12361.0,645.0,1,382.0,9.0,22225.0,15.0,2,80.4,single,employed,graduate,Seoul,1
HCC_01977,22,9163.0,623.0,1,260.0,6.2,10655.0,8.0,0,89.5,single,employed,graduate,Seoul,0
HCC_01978,44,2503.0,445.0,2,91.0,3.5,4533.0,8.0,3,89.4,married,employed,high_school,Others,0
HCC_01979,60,2997.0,397.0,0,68.0,1.1,1682.0,7.0,0,54.7,divorced,retired,graduate,Gyeonggi,1
HCC_01980,47,1677.0,542.0,1,12.0,4.8,3516.0,1.0,3,19.2,married,employed,graduate,Seoul,1
HCC_01981,44,6365.0,606.0,3,183.0,1.2,11847.0,7.0,0,67.5,divorced,employed,graduate,Gyeonggi,1
HCC_01982,35,1771.0,576.0,1,66.0,1.1,1622.0,7.0,1,91.9,married,retired,high_school,Gyeonggi,1
HCC_01983,42,1640.0,560.0,3,29.0,2.2,3919.0,2.0,0,40.6,married,employed,high_school,Busan,0
HCC_01984,38,3516.0,661.0,1,37.0,2.9,1285.0,3.0,2,36.7,married,unemployed,graduate,Others,0
HCC_01985,32,7497.0,655.0,1,345.0,2.1,344.0,14.0,0,120.9,divorced,self_employed,high_school,Gyeonggi,1
HCC_01986,38,5432.0,769.0,1,238.0,1.5,8548.0,15.0,1,126.8,married,employed,college,Gyeonggi,0
HCC_01987,44,5446.0,803.0,0,177.0,6.0,6522.0,5.0,0,77.8,married,self_employed,college,Gyeonggi,1
HCC_01988,32,5682.0,416.0,1,229.0,1.8,1745.0,20.0,1,99.6,married,self_employed,high_school,Gyeonggi,0
HCC_01989,32,4088.0,365.0,3,199.0,8.9,1871.0,10.0,2,119.3,married,employed,high_school,Seoul,1
HCC_01990,25,2075.0,520.0,4,63.0,1.1,695.0,8.0,1,74.9,single,retired,graduate,Seoul,1
HCC_01991,46,2872.0,569.0,1,44.0,4.5,1180.0,7.0,1,48.1,married,retired,graduate,Others,0
HCC_01992,48,2249.0,516.0,0,75.0,0.0,2665.0,9.0,2,63.8,married,unemployed,graduate,Gyeonggi,0
HCC_01993,44,7039.0,627.0,1,324.0,4.6,842.0,14.0,1,115.1,married,self_employed,college,Gyeonggi,1
HCC_01994,53,4764.0,526.0,3,171.0,3.5,6305.0,16.0,0,106.1,married,self_employed,high_school,Seoul,0
HCC_01995,43,6026.0,505.0,1,32.0,4.0,9448.0,4.0,1,26.4,married,employed,college,Others,0
HCC_01996,46,1688.0,473.0,1,78.0,0.0,3259.0,7.0,2,123.4,married,employed,college,Seoul,0
HCC_01997,45,5372.0,538.0,4,208.0,1.3,12827.0,12.0,0,101.3,married,employed,high_school,Gyeonggi,0
HCC_01998,40,8552.0,653.0,3,193.0,5.0,1618.0,15.0,1,48.2,single,self_employed,graduate,Others,1
HCC_01999,35,18446.0,646.0,2,912.0,2.6,1497.0,66.0,0,111.2,divorced,self_employed,graduate,Gyeonggi,1
HCC_02000,68,1586.0,493.0,1,59.0,3.9,577.0,6.0,3,81.9,married,unemployed,college,Others,0
